"Variable / Field Name","Form Name","Section Header","Field Type","Field Label","Choices, Calculations, OR Slider Labels","Field Note","Text Validation Type OR Show Slider Number","Text Validation Min","Text Validation Max",Identifier?,"Branching Logic (Show field only if...)","Required Field?","Custom Alignment","Question Number (surveys only)","Matrix Group Name","Matrix Ranking?","Field Annotation"
lbismri,ivp_e2l,,dropdown,"1. Has the participant had at least one structural MRI scan, obtained as part of the current evaluation or a previous evaluation?","0, 0. No or unknown | 1, 1. Yes",,,,,,,y,,,,,
lbismmo,ivp_e2l,,dropdown,"1a1. Date of most recent scan (month)","1, 1 | 2, 2 | 3, 3 | 4, 4 | 5, 5 | 6, 6 | 7, 7 | 8, 8 | 9, 9 | 10, 10 | 11, 11 | 12, 12",,autocomplete,,,,"[lbismri] = '1'",,,,,,
lbismdy,ivp_e2l,,dropdown,"1a2. Date of most recent scan (day)","1, 1 | 2, 2 | 3, 3 | 4, 4 | 5, 5 | 6, 6 | 7, 7 | 8, 8 | 9, 9 | 10, 10 | 11, 11 | 12, 12 | 13, 13 | 14, 14 | 15, 15 | 16, 16 | 17, 17 | 18, 18 | 19, 19 | 20, 20 | 21, 21 | 22, 22 | 23, 23 | 24, 24 | 25, 25 | 26, 26 | 27, 27 | 28, 28 | 29, 29 | 30, 30 | 31, 31 | 99, 99 Unknown",,autocomplete,,,,"[lbismri] = '1'",,,,,,
lbismyr,ivp_e2l,,dropdown,"1a3. Date of most recent scan (year)","2000, 2000 | 2001, 2001 | 2002, 2002 | 2003, 2003 | 2004, 2004 | 2005, 2005 | 2006, 2006 | 2007, 2007 | 2008, 2008 | 2009, 2009 | 2010, 2010 | 2011, 2011 | 2012, 2012 | 2013, 2013 | 2014, 2014 | 2015, 2015 | 2016, 2016 | 2017, 2017 | 2018, 2018 | 2019, 2019 | 2021, 2021",,autocomplete,,,,"[lbismri] = '1'",,,,,,
lbismqav,ivp_e2l,,dropdown,"1b. Are results of quantitative image analysis available?","0, 0. No | 1, 1. Yes | 9, 9. Unknown",,,,,,"[lbismri] = '1'",,,,,,
lbismhip,ivp_e2l,,dropdown,"1c. Was there an MRI finding of hippocampal atrophy, according to your Center's standards for positivity? (REPORT MOST RECENT)","0, 0. No | 1, 1. Yes | 8, 8. Results not available | 9, 9. Unknown",,,,,,"[lbismri] = '1' and [lbismqav] = '1'",,,,,,
lbismavl,ivp_e2l,,dropdown,"1d. Is an MRI available for data sharing?","0, 0. No or unknown | 1, 1. Yes",,,,,,"[lbismri] = '1'",,,,,,
lbismdcm,ivp_e2l,,dropdown,"1e. Is it in DICOM format or other electronic format?","0, 0. No | 1, 1. Yes | 9, 9. Unknown",,,,,,"[lbismri] = '1' and [lbismavl] = '1'",,,,,,
lbismfmt,ivp_e2l,,text,"1e1. Specify format",,,,,,,"[lbismri] = '1' and [lbismavl] = '1' and [lbismdcm] = '1'",,,,,,
lbismadn,ivp_e2l,,dropdown,"1f. Was ADNI protocol used?","0, 0. No | 1, 1. Yes | 9, 9. Unknown",,,,,,"[lbismri] = '1' and [lbismavl] = '1'",,,,,,
lbismver,ivp_e2l,,text,"1f1. ADNI version",,,,,,,"[lbismri] = '1' and [lbismavl] = '1' and [lbismadn] = '1'",,,,,,
lbismman,ivp_e2l,,dropdown,"1g. Scan manufacturer","1, 1. GE | 2, 2. Siemens | 3, 3. Philips | 4, 4. Other | 9, 9. Unknown",,,,,,"[lbismri] = '1' and [lbismavl] = '1'",,,,,,
lbismom,ivp_e2l,,text,"1g1. Other manufacturer",,,,,,,"[lbismri] = '1' and [lbismavl] = '1' and [lbismman] = '4'",,,,,,
lbismstr,ivp_e2l,,dropdown,"1h. Field strength","1, 1. 1.5T | 2, 2. 3T | 3, 3. 7T | 4, 4. Other | 9, 9. Unknown",,,,,,"[lbismri] = '1' and [lbismavl] = '1'",,,,,,
lbismos,ivp_e2l,,text,"1h1. Other strength",,,,,,,"[lbismri] = '1' and [lbismavl] = '1' and [lbismstr] = '4'",,,,,,
lbifpet,ivp_e2l,,dropdown,"2. Has the participant had at least  one FDG-PET scan, obtained as part of the current evaluation or a previous evaluation?","0, 0. No or unknown | 1, 1. Yes",,,,,,,y,,,,,
lbifpmo,ivp_e2l,,dropdown,"2a1. Date of most recent scan (month)","1, 1 | 2, 2 | 3, 3 | 4, 4 | 5, 5 | 6, 6 | 7, 7 | 8, 8 | 9, 9 | 10, 10 | 11, 11 | 12, 12",,,,,,"[lbifpet] = '1'",,,,,,
lbifpdy,ivp_e2l,,dropdown,"2a2. Date of most recent scan (day)","1, 1 | 2, 2 | 3, 3 | 4, 4 | 5, 5 | 6, 6 | 7, 7 | 8, 8 | 9, 9 | 10, 10 | 11, 11 | 12, 12 | 13, 13 | 14, 14 | 15, 15 | 16, 16 | 17, 17 | 18, 18 | 19, 19 | 20, 20 | 21, 21 | 22, 22 | 23, 23 | 24, 24 | 25, 25 | 26, 26 | 27, 27 | 28, 28 | 29, 29 | 30, 30 | 31, 31 | 99, 99 Unknown",,,,,,"[lbifpet] = '1'",,,,,,
lbifpyr,ivp_e2l,,dropdown,"2a3. Date of most recent scan (year)","2000, 2000 | 2001, 2001 | 2002, 2002 | 2003, 2003 | 2004, 2004 | 2005, 2005 | 2006, 2006 | 2007, 2007 | 2008, 2008 | 2009, 2009 | 2010, 2010 | 2011, 2011 | 2012, 2012 | 2013, 2013 | 2014, 2014 | 2015, 2015 | 2016, 2016 | 2017, 2017 | 2018, 2018 | 2019, 2019",,,,,,"[lbifpet] = '1'",,,,,,
lbifpqav,ivp_e2l,,dropdown,"2b. Are results of quantitative image analysis available?","0, 0. No | 1, 1. Yes | 9, 9. Unknown",,,,,,"[lbifpet] = '1'",,,,,,
lbifpocc,ivp_e2l,,dropdown,"2c. Was there an FDG-PET finding of occipital hypometabolism consistent with LBD, according to your Center's standards for positivity?","0, 0. No | 1, 1. Yes | 8, 8. Results not available | 9, 9. Unknown",,,,,,"[lbifpet] = '1' and [lbifpqav] = '1'",,,,,,
lbifptpp,ivp_e2l,,dropdown,"2d. Was there an FDG-PET finding of temporoparietal hypometabolism suggestive of AD, according to your Center's standards for positivity","0, 0. No | 1, 1. Yes | 8, 8. Results not available | 9, 9. Unknown",,,,,,"[lbifpet] = '1' and [lbifpqav] = '1'",,,,,,
lbifpisl,ivp_e2l,,dropdown,"2e. Was there an FDG-PET finding of cingulate island sign consistent with LBD, according to your Center's standards for positivity?","0, 0. No | 1, 1. Yes | 8, 8. Results not available | 9, 9. Unknown",,,,,,"[lbifpet] = '1' and [lbifpqav] = '1'",,,,,,
lbifpavl,ivp_e2l,,dropdown,"2f. Is an FDG-PET available for data sharing?","0, 0. No or unknown | 1, 1. Yes",,,,,,"[lbifpet] = '1'",,,,,,
lbifpdcm,ivp_e2l,,dropdown,"2g. Is it in DICOM format or other electronic format?","0, 0. No | 1, 1. Yes | 9, 9. Unknown",,,,,,"[lbifpet] = '1' and [lbifpavl] = '1'",,,,,,
lbifpfmt,ivp_e2l,,text,"2g1. Specify format",,,,,,,"[lbifpet] = '1' and [lbifpavl] = '1' and [lbifpdcm] = '1'",,,,,,
lbifpadn,ivp_e2l,,dropdown,"2h. Was ADNI protocol used?","0, 0. No | 1, 1. Yes | 9, 9. Unknown",,,,,,"[lbifpet] = '1' and [lbifpavl] = '1'",,,,,,
lbifpver,ivp_e2l,,text,"2h1. ADNI version",,,,,,,"[lbifpet] = '1' and [lbifpavl] = '1' and [lbifpadn] = '1'",,,,,,
lbifpman,ivp_e2l,,dropdown,"2i. Scan manufacturer","1, 1. GE | 2, 2. Siemens | 3, 3. Philips | 4, 4. Other | 9, 9. Unknown",,,,,,"[lbifpet] = '1' and [lbifpavl] = '1'",,,,,,
lbifpom,ivp_e2l,,text,"2i1. Other manufacturer",,,,,,,"[lbifpet] = '1' and [lbifpavl] = '1' and [lbifpman] = '4'",,,,,,
lbiapet,ivp_e2l,,dropdown,"3. Has the participant had at least one amyloid PET scan, obtained as part of the current evaluation or a previous evaluation?","0, 0. No or unknown | 1, 1. Yes",,,,,,,y,,,,,
lbiapmo,ivp_e2l,,dropdown,"3a1. Date of most recent scan (month)","1, 1 | 2, 2 | 3, 3 | 4, 4 | 5, 5 | 6, 6 | 7, 7 | 8, 8 | 9, 9 | 10, 10 | 11, 11 | 12, 12",,autocomplete,,,,"[lbiapet] = '1'",,,,,,
lbiapdy,ivp_e2l,,dropdown,"3a2. Date of most recent scan (day)","1, 1 | 2, 2 | 3, 3 | 4, 4 | 5, 5 | 6, 6 | 7, 7 | 8, 8 | 9, 9 | 10, 10 | 11, 11 | 12, 12 | 13, 13 | 14, 14 | 15, 15 | 16, 16 | 17, 17 | 18, 18 | 19, 19 | 20, 20 | 21, 21 | 22, 22 | 23, 23 | 24, 24 | 25, 25 | 26, 26 | 27, 27 | 28, 28 | 29, 29 | 30, 30 | 31, 31 | 99, 99 Unknown",,autocomplete,,,,"[lbiapet] = '1'",,,,,,
lbiapyr,ivp_e2l,,dropdown,"3a3. Date of most recent scan (year)","2000, 2000 | 2001, 2001 | 2002, 2002 | 2003, 2003 | 2004, 2004 | 2005, 2005 | 2006, 2006 | 2007, 2007 | 2008, 2008 | 2009, 2009 | 2010, 2010 | 2011, 2011 | 2012, 2012 | 2013, 2013 | 2014, 2014 | 2015, 2015 | 2016, 2016 | 2017, 2017 | 2018, 2018 | 2019, 2019",,autocomplete,,,,"[lbiapet] = '1'",,,,,,
lbiapqav,ivp_e2l,,dropdown,"3b. Are results of quantitative image analysis available?","0, 0. No | 1, 1. Yes | 9, 9. Unknown",,,,,,"[lbiapet] = '1'",,,,,,
lbiapavl,ivp_e2l,,dropdown,"3c. Is an amyloid PET available for data sharing?","0, 0. No | 1, 1. Yes | 9, 9. Unknown",,,,,,"[lbiapet] = '1'",,,,,,
lbiapdcm,ivp_e2l,,dropdown,"3d. Is it in DICOM format or other electronic format?","0, 0. No | 1, 1. Yes | 9, 9. Unknown",,,,,,"[lbiapet] = '1' and [lbiapavl] = '1'",,,,,,
lbiapfmt,ivp_e2l,,text,"3d1. Specify format",,,,,,,"[lbiapet] = '1' and [lbiapavl] = '1' and [lbiapdcm] = '1'",,,,,,
lbiaplig,ivp_e2l,,dropdown,"3e. Ligand used","1, 1. 11C-PIB | 2, 2. 18F-AV45 | 3, 3. Flutametamol | 4, 4. Other | 5, 5. Unknown",,,,,,"[lbiapet] = '1' and [lbiapavl] = '1'",,,,,,
lbiapol,ivp_e2l,,text,"3e1. Other ligand",,,,,,,"[lbiapet] = '1' and [lbiapavl] = '1' and [lbiaplig] = '4'",,,,,,
lbiapadn,ivp_e2l,,dropdown,"3f. Was ADNI protocol used?","0, 0. No | 1, 1. Yes | 9, 9. Unknown",,,,,,"[lbiapet] = '1' and [lbiapavl] = '1'",,,,,,
lbiapver,ivp_e2l,,text,"3f1. ADNI version",,,,,,,"[lbiapet] = '1' and [lbiapavl] = '1' and [lbiapadn] = '1'",,,,,,
lbiapman,ivp_e2l,,dropdown,"3g. Scan manufacturer","1, 1. GE | 2, 2. Siemens | 3, 3. Philips | 4, 4. Other | 9, 9. Unknown",,,,,,"[lbiapet] = '1' and [lbiapavl] = '1'",,,,,,
lbiapom,ivp_e2l,,text,"3g1. Other manufacturer",,,,,,,"[lbiapet] = '1' and [lbiapavl] = '1' and [lbiapman] = '4'",,,,,,
lbitpet,ivp_e2l,,dropdown,"4. Has the participant had at least one Tau PET scan, obtained as part of the current evaluation or a previous evaluation?","0, 0. No or unknown | 1, 1. Yes",,,,,,,y,,,,,
lbitpmo,ivp_e2l,,dropdown,"4a1 Date of scan (month)","1, 1 | 2, 2 | 3, 3 | 4, 4 | 5, 5 | 6, 6 | 7, 7 | 8, 8 | 9, 9 | 10, 10 | 11, 11 | 12, 12",,,,,,"[lbitpet] = '1'",,,,,,
lbitpdy,ivp_e2l,,dropdown,"4a2. Date of scan (day)","1, 1 | 2, 2 | 3, 3 | 4, 4 | 5, 5 | 6, 6 | 7, 7 | 8, 8 | 9, 9 | 10, 10 | 11, 11 | 12, 12 | 13, 13 | 14, 14 | 15, 15 | 16, 16 | 17, 17 | 18, 18 | 19, 19 | 20, 20 | 21, 21 | 22, 22 | 23, 23 | 24, 24 | 25, 25 | 26, 26 | 27, 27 | 28, 28 | 29, 29 | 30, 30 | 31, 31 | 99, 99 Unknown",,,,,,"[lbitpet] = '1'",,,,,,
lbitpyr,ivp_e2l,,dropdown,"4a3. Date of scan (year)","2000, 2000 | 2001, 2001 | 2002, 2002 | 2003, 2003 | 2004, 2004 | 2005, 2005 | 2006, 2006 | 2007, 2007 | 2008, 2008 | 2009, 2009 | 2010, 2010 | 2011, 2011 | 2012, 2012 | 2013, 2013 | 2014, 2014 | 2015, 2015 | 2016, 2016 | 2017, 2017 | 2018, 2018 | 2019, 2019",,,,,,"[lbitpet] = '1'",,,,,,
lbitpqav,ivp_e2l,,dropdown,"4b. Are results of quantitative image analysis available?","0, 0. No | 1, 1. Yes | 9, 9. Unknown",,,,,,"[lbitpet] = '1'",,,,,,
lbitpavl,ivp_e2l,,dropdown,"4c. Is a Tau PET available for data sharing?","0, 0. No | 1, 1. Yes | 9, 9. Unknown",,,,,,"[lbitpet] = '1'",,,,,,
lbitpdcm,ivp_e2l,,dropdown,"4d. Is it in DICOM format or other electronic format?","0, 0. No | 1, 1. Yes | 9, 9. Unknown",,,,,,"[lbitpet] = '1' and [lbitpavl] = '1'",,,,,,
lbitpfmt,ivp_e2l,,text,"4d1. Specify format",,,,,,,"[lbitpet] = '1' and [lbitpavl] = '1' and [lbitpdcm] = '1'",,,,,,
lbitplig,ivp_e2l,,dropdown,"4e. Ligand used","1, 1. 18F-AV1451 (T807) | 2, 2. 18F-THK5351 | 3, 3. Other",,,,,,"[lbitpet] = '1' and [lbitpavl] = '1'",,,,,,
lbitpol,ivp_e2l,,text,"4e1. Other ligand",,,,,,,"[lbitpet] = '1' and [lbitpavl] = '1' and [lbitplig] = '3'",,,,,,
lbitpadn,ivp_e2l,,dropdown,"4f. Was ADNI protocol used?","0, 0. No | 1, 1. Yes | 9, 9. Unknown",,,,,,"[lbitpet] = '1' and [lbitpavl] = '1'",,,,,,
lbitpver,ivp_e2l,,text,"4f1. ADNI version",,,,,,,"[lbitpet] = '1' and [lbitpavl] = '1' and [lbitpadn] = '1'",,,,,,
lbitpman,ivp_e2l,,dropdown,"4g. Scan manufacturer","1, 1. GE | 2, 2. Siemens | 3, 3. Philips | 4, 4. Other | 9, 9. Unknown",,,,,,"[lbitpet] = '1' and [lbitpavl] = '1'",,,,,,
lbitpom,ivp_e2l,,text,"4g1. Other manufacturer",,,,,,,"[lbitpet] = '1' and [lbitpavl] = '1' and [lbitpman] = '4'",,,,,,
lbidats,ivp_e2l,,dropdown,"5. Has the participant had at least one DaTScan scan, obtained as part of the current evaluation or a previous evaluation?","0, 0. No or unknown | 1, 1. Yes",,,,,,,y,,,,,
lbidsmo,ivp_e2l,,dropdown,"5a1. Date of most recent scan (month)","1, 1 | 2, 2 | 3, 3 | 4, 4 | 5, 5 | 6, 6 | 7, 7 | 8, 8 | 9, 9 | 10, 10 | 11, 11 | 12, 12",,autocomplete,,,,"[lbidats] = '1'",,,,,,
lbidsdy,ivp_e2l,,dropdown,"5a2. Date of most recent scan (day)","1, 1 | 2, 2 | 3, 3 | 4, 4 | 5, 5 | 6, 6 | 7, 7 | 8, 8 | 9, 9 | 10, 10 | 11, 11 | 12, 12 | 13, 13 | 14, 14 | 15, 15 | 16, 16 | 17, 17 | 18, 18 | 19, 19 | 20, 20 | 21, 21 | 22, 22 | 23, 23 | 24, 24 | 25, 25 | 26, 26 | 27, 27 | 28, 28 | 29, 29 | 30, 30 | 31, 31 | 99, 99 Unknown",,autocomplete,,,,"[lbidats] = '1'",,,,,,
lbidsyr,ivp_e2l,,dropdown,"5a3. Date of most recent scan (year)","2000, 2000 | 2001, 2001 | 2002, 2002 | 2003, 2003 | 2004, 2004 | 2005, 2005 | 2006, 2006 | 2007, 2007 | 2008, 2008 | 2009, 2009 | 2010, 2010 | 2011, 2011 | 2012, 2012 | 2013, 2013 | 2014, 2014 | 2015, 2015 | 2016, 2016 | 2017, 2017 | 2018, 2018 | 2019, 2019",,autocomplete,,,,"[lbidats] = '1'",,,,,,
lbidsqav,ivp_e2l,,dropdown,"5b. Are results of quantitative image analysis available?","0, 0. No | 1, 1. Yes | 9, 9. Unknown",,,,,,"[lbidats] = '1'",,,,,,
lbidsabn,ivp_e2l,,dropdown,"5c. Were there abnormal DaTScan findings conistent with LBD, according to your Center's standards for positivity? (REPORT MOST RECENT)","0, 0. No | 1, 1. Yes | 8, 8. Results not available | 9, 9. Unknown",,,,,,"[lbidats] = '1' and [lbidsqav] = '1'",,,,,,
