"Variable / Field Name","Form Name","Section Header","Field Type","Field Label","Choices, Calculations, OR Slider Labels","Field Note","Text Validation Type OR Show Slider Number","Text Validation Min","Text Validation Max",Identifier?,"Branching Logic (Show field only if...)","Required Field?","Custom Alignment","Question Number (surveys only)","Matrix Group Name","Matrix Ranking?","Field Annotation"
lbmlthrg,iv_b5l,,dropdown,"1. Is the participant drowsy and lethargic during the day, despite getting enough sleep the night before?","0, 0. No | 1, 1. Yes | 9, 9. Unknown",,,,,,,,,,,,
lbmsleep,iv_b5l,,dropdown,"2. Does the participant sleep 2 or more hours during the day (before 7:00 p.m.)?","0, 0. No | 1, 1. Yes | 9, 9. Unknown",,,,,,,,,,,,
lbmdisrg,iv_b5l,,dropdown,"3. Are there tmes when the participant's flow of ideas is disorganized, unclear, or not logical?","0, 0. No | 1, 1. Yes | 9, 9. Unknown",,,,,,,,,,,,
lbmstare,iv_b5l,,dropdown,"4. Does the participant tend to stare into space for long periods of time?","0, 0. No | 1, 1. Yes | 9, 9. Unknown",,,,,,,,,,,,
