"Variable / Field Name","Form Name","Section Header","Field Type","Field Label","Choices, Calculations, OR Slider Labels","Field Note","Text Validation Type OR Show Slider Number","Text Validation Min","Text Validation Max",Identifier?,"Branching Logic (Show field only if...)","Required Field?","Custom Alignment","Question Number (surveys only)","Matrix Group Name","Matrix Ranking?","Field Annotation"
ftdcpc4f,ftld_c4f,"Form C4F Behavioral Inhibition Scale",dropdown,"0. The questionnaire was completed","0, 0 Independently by informant, as described in Instructions to the center | 1, 1 Via in-person interview of informant by clinic staff | 2, 2 Via telephone interview of informant by clinic staff",,,,,,,,,,,,
ftdworku,ftld_c4f,,dropdown,"1. If the subject thinks something unpleasant is going to happen, he/she","1, 1 Strongly Disagree | 2, 2 Disagree | 3, 3 Agree | 4, 4 Strongly Agree",,,,,,,,,,,,
ftdmist,ftld_c4f,,dropdown,"2. The subject worries about making mistakes.","1, 1 Strongly Disagree | 2, 2 Disagree | 3, 3 Agree | 4, 4 Strongly Agree",,,,,,,,,,,,
ftdcrit,ftld_c4f,,dropdown,"3. Criticism or scolding hurts the subject quite a bit.","1, 1 Strongly Disagree | 2, 2 Disagree | 3, 3 Agree | 4, 4 Strongly Agree",,,,,,,,,,,,
ftdworr,ftld_c4f,,dropdown,"4. The subject feels pretty worried or upset when he/she","1, 1 Strongly Disagree | 2, 2 Disagree | 3, 3 Agree | 4, 4 Strongly Agree",,,,,,,,,,,,
ftdbad,ftld_c4f,,dropdown,"5. Even if something bad is about to happen to the subject, he/she rarely","1, 1 Strongly Disagree | 2, 2 Disagree | 3, 3 Agree | 4, 4 Strongly Agree",,,,,,,,,,,,
ftdbad_2,ftld_c4f,,calc,"5. Even if something bad is about to happen to the subject, he/she rarely","if([ftdbad] = 1, 4, if([ftdbad] = 2, 3, if([ftdbad] = 3, 2, if([ftdbad] = 4, 1, """"))))",,,,,,,,,,,," @HIDDEN"
ftdpoor,ftld_c4f,,dropdown,"6. The subject feels worried when he/she thinks he/she has done poorly","1, 1 Strongly Disagree | 2, 2 Disagree | 3, 3 Agree | 4, 4 Strongly Agree",,,,,,,,,,,,
ftdffear,ftld_c4f,,dropdown,"7. The subject has very few fears compared to his/her friends.","1, 1 Strongly Disagree | 2, 2 Disagree | 3, 3 Agree | 4, 4 Strongly Agree",,,,,,,,,,,,
ftdffear_2,ftld_c4f,,calc,"7. The subject has very few fears compared to his/her friends.","if([ftdffear] = 1, 4, if([ftdffear] = 2, 3, if([ftdffear] = 3, 2, if([ftdffear] = 4, 1, """"))))",,,,,,,,,,,," @HIDDEN"
ftdbist,ftld_c4f,,dropdown,"8. BIS Total Score.","7, 7 | 8, 8 | 9, 9 | 10, 10 | 11, 11 | 12, 12 | 13, 13 | 14, 14 | 15, 15 | 16, 16 | 17, 17 | 18, 18 | 19, 19 | 20, 20 | 21, 21 | 22, 22 | 23, 23 | 24, 24 | 25, 25 | 26, 26 | 27, 27 | 28, 28 | 88, 88 Some questions were not answered",,autocomplete,,,,,,,,,," @HIDDEN"
ftdbist_2,ftld_c4f,,calc,"8. BIS Total Score - Autocalculated","if([ftdworku] <> """" AND [ftdmist] <> """" AND [ftdcrit] <> """" AND [ftdworr] <> """" AND [ftdbad] <> """" AND [ftdpoor] <> """" AND [ftdffear] <> """", sum([ftdworku], [ftdmist], [ftdcrit], [ftdworr], [ftdbad_2], [ftdpoor], [ftdffear_2]), 88)",,,,,,,,,,,,
c4f_notcomplete,ftld_c4f,,dropdown,"Reason c4f not complete","95, 95 = Physical problem | 96, 96 = Cognitive/behavior problem | 97, 97 = Other problem | 98, 98 = Verbal refusal",,autocomplete,,,,,,,,,,
