"Variable / Field Name","Form Name","Section Header","Field Type","Field Label","Choices, Calculations, OR Slider Labels","Field Note","Text Validation Type OR Show Slider Number","Text Validation Min","Text Validation Max",Identifier?,"Branching Logic (Show field only if...)","Required Field?","Custom Alignment","Question Number (surveys only)","Matrix Group Name","Matrix Ranking?","Field Annotation"
ftdltfas,ftld_b3f,"Form B3F Supplemental UPDRS",dropdown,"A1. Does the subject have limb or torso fasciculations consistent with a diagnosis o","0, 0 Not to a degree that would justify such a diagnosis | 1, 1 Yes-with asymmetry L>R | 2, 2 Yes-with asymmetry R>L | 3, 3 Yes-without major asymmetry",,,,,,,,,,,,
ftdlimb,ftld_b3f,,dropdown,"A2. Does the subject have limb weakness and/or hyperreflexia consistent with a diagn","0, 0 Not to a degree that would justify such a diagnosis | 1, 1 Yes-with asymmetry L>R | 2, 2 Yes-with asymmetry R>L | 3, 3 Yes-without major asymmetry",,,,,,,,,,,,
ftdbulb,ftld_b3f,,dropdown,"A3. Does the subject have bulbar weakness and/or fasciculations consisten with a dia","0, 0 Not to a degree that would justify such a diagnosis | 3, 3 Yes-without major asymmetry",,,,,,,,,,,,
ftdgsev,ftld_b3f,,dropdown,"B1. Gait disturbances - severity?","0, 0 Normal | 1, 1 Slight alteration in speed or fluidity of gaith | 2, 2 Walks with difficulty but requires no assistance | 3, 3 Severe disturbance | 4, 4 Cannot walk at all | 8, 8 Unstestable (specify reason)",,,,,,,,,,,,
ftdgsevx,ftld_b3f,,text,"B1a. Gait disturbances - severity Specification of reason untestable",,,,,,,,,,,,,
ftdgtyp,ftld_b3f,,dropdown,"B2. Gait disturbances - type?","0, 0 Normal| 1, 1 Hemiparetic (Spastic) | 2, 2 Foot drop gait (lower motor neuron)| 3, 3 Ataxic gait | 4, 4 Parkinsons gait | 5, 5 Apractic gait (magnetic gait) | 6, 6 Antalgic gait | 7, 7 Other gait disorder not listed above (specify | 8, 8 Untestable (specify reason)",,,,,,,,,,,,
ftdgtypg,ftld_b3f,,dropdown,"B2a. Gait disturbances - type Other gait disorder not listed above (specify)","0, 0 Normal | 1, 1 Hemiparetic (spastic) | 3, 3 Ataxic gait | 4, 4 Parkinsons gait | 5, 5 Apractic gait (magnetic gait) | 6, 6 Antalgic gait | 7, 7 Other gait disorder not listed above (specify) | 8, 8 Untestable (specify reason)",,autocomplete,,,,,,,,,,
ftdgtypx,ftld_b3f,,text,"B2b. Gait disturbances - type Untestable (specify reason)",,,,,,,,,,,,,
