"Variable / Field Name","Form Name","Section Header","Field Type","Field Label","Choices, Calculations, OR Slider Labels","Field Note","Text Validation Type OR Show Slider Number","Text Validation Min","Text Validation Max",Identifier?,"Branching Logic (Show field only if...)","Required Field?","Custom Alignment","Question Number (surveys only)","Matrix Group Name","Matrix Ranking?","Field Annotation"
lbscliv,ivp_bl7,,dropdown,"1. Do you live with the participant?","0, 0 No | 1, 1. Yes",,,,,,,,,,,,
lbscslp,ivp_bl7,,dropdown,"2. Do you sleep in the same room as the participant?","0, 0 No | 1, 1. Yes",,,,,,,,,,,,
lbscbehv,ivp_bl7,,dropdown,"2a. If no, is it because of his/ her sleep behaviors (i.e., snores too loud, acts out dreams, etc.)?","0, 0 No | 1, 1. Yes",,,,,,,,,,,,
lbscdrm,ivp_bl7,,dropdown,"3. Have you ever seen the participant appear to ""act out his/her dreams"" while sleeping (punched or flailed arms in the air, shouted or screamed)?","0, 0 No | 1, 1. Yes",,,,,,,,,,,,
lbscyrs,ivp_bl7,,dropdown,"3a1. How many months or years has this been going on? (years)","0, 0 | 1, 1 | 2, 2 | 3, 3 | 4, 4 | 5, 5 | 6, 6 | 7, 7 | 8, 8 | 9, 9 | 10, 10 | 11, 11 | 12, 12 | 13, 13 | 14, 14 | 15, 15 | 16, 16 | 17, 17 | 18, 18 | 19, 19 | 20, 20 | 21, 21 | 22, 22 | 23, 23 | 24, 24 | 25, 25 | 26, 26 | 27, 27 | 28, 28 | 29, 29 | 30, 30 | 31, 31 | 32, 32 | 33, 33 | 34, 34 | 35, 35 | 36, 36 | 37, 37 | 38, 38 | 39, 39 | 40, 40 | 41, 41 | 42, 42 | 43, 43 | 44, 44 | 45, 45 | 46, 46 | 47, 47 | 48, 48 | 49, 49 | 50, 50 | 51, 51 | 52, 52 | 53, 53 | 54, 54 | 55, 55 | 56, 56 | 57, 57 | 58, 58 | 59, 59 | 60, 60 | 61, 61 | 62, 62 | 63, 63 | 64, 64 | 65, 65 | 66, 66 | 67, 67 | 68, 68 | 69, 69 | 70, 70 | 71, 71 | 72, 72 | 73, 73 | 74, 74 | 75, 75 | 76, 76 | 77, 77 | 78, 78 | 79, 79 | 80, 80 | 81, 81 | 82, 82 | 83, 83 | 84, 84 | 85, 85 | 86, 86 | 87, 87 | 88, 88 | 89, 89 | 90, 90 | 91, 91 | 92, 92 | 93, 93 | 94, 94 | 95, 95 | 96, 96 | 97, 97 | 98, 98 | 99, 99",,,,,,,,,,,,
lbscmos,ivp_bl7,,dropdown,"3a2. How many months or years has this been going on? (months)","0, 0. | 1, 1 | 2, 2 | 3, 3 | 4, 4 | 5, 5 | 6, 6 | 7, 7 | 8, 8 | 9, 9 | 10, 10 | 11, 11",,,,,,,,,,,,
lbscinjs,ivp_bl7,,dropdown,"3b. Has the participant ever been injured from these behaviors (bruises, cuts, broken bones)?","0, 0. No | 1, 1. Yes",,,,,,,,,,,,
lbscinjp,ivp_bl7,,dropdown,"3c. Has a bedpartner ever been injured from these behaviors (bruises, blows, pulled hair)?","0, 0. No | 1, 1. Yes | 8, 8. No bedpartner",,,,,,,,,,,,
lbscchas,ivp_bl7,,dropdown,"3d. Has the participant told you about dreams of being chased or attacked, or that involve defending himself/herself?","0, 0. No | 1, 1. Yes | 8, 8 Never told me about dreams",,,,,,,,,,,,
lbscmove,ivp_bl7,,dropdown,"3e. If the partcipant woke up and told you about a dream, did the details of the dream match the movements made while sleeping?","0, 0. No | 1, 1. Yes | 8, 8. Never told me about dreams",,,,,,,,,,,,
lbsclegs,ivp_bl7,,dropdown,"4. Do the participant's legs repeatedly jerk or twitch during sleep (not just when falling asleep)?","0, 0. No | 1, 1. Yes",,,,,,,,,,,,
lbscnerv,ivp_bl7,,dropdown,"5. Does the participant complain of a restless, nervous, tingly, or creepy-crawly feeling in his/her legs that disrupts his/her ability to fall or stay asleep?","0, 0. No | 1, 1. Yes",,,,,,,,,,,,
lbscsens,ivp_bl7,,dropdown,"5a. Does the participant tell you that these leg sensations decrease when he/she moves them or walks around?","0, 0. No | 1, 1. Yes",,,,,,,,,,,,
lbscwors,ivp_bl7,,dropdown,"5b. When do these sensations seem to be the worst?","1, 1. Before 6:00 pm | 2, 2. After 6:00 pm",,,,,,,,,,,,
lbscwalk,ivp_bl7,,dropdown,"6. Has the participant ever walked around the bedroom or house while asleep?","0, 0. No | 1, 1. Yes",,,,,,,,,,,,
lbscawak,ivp_bl7,,dropdown,"7. Has the partcipant ever snorted or choked him/herself awake?","0, 0. No | 1, 1. Yes",,,,,,,,,,,,
lbscbrth,ivp_bl7,,dropdown,"8. Does the participant ever seem to stop breathing during sleep?","0, 0. No | 1, 1. Yes",,,,,,,,,,,,
lbsctrt,ivp_bl7,,dropdown,"8a. Is the participant currently being treated for this (e.g., CPAP)?","0, 0. No | 1, 1. Yes",,,,,,,,,,,,
lbsccrmp,ivp_bl7,,dropdown,"9. Does the participant have leg cramps at night (e.g., also called a ""charlie horse"" with intense pain in certain muscles in the leg)?","0, 0. No | 1, 1. Yes",,,,,,,,,,,,
lbscalrt,ivp_bl7,,dropdown,"10. Rate the partcipant's general level of alertness for the past 3 weeks on a scale from 0 to 10","0, 0. Sleep all day | 1, 1 | 2, 2 | 3, 3 | 4, 4 | 5, 5 | 6, 6 | 7, 7 | 8, 8 | 9, 9 | 10, 10 Fully and normally awake",,,,,,,,,,,,
