"Variable / Field Name","Form Name","Section Header","Field Type","Field Label","Choices, Calculations, OR Slider Labels","Field Note","Text Validation Type OR Show Slider Number","Text Validation Min","Text Validation Max",Identifier?,"Branching Logic (Show field only if...)","Required Field?","Custom Alignment","Question Number (surveys only)","Matrix Group Name","Matrix Ranking?","Field Annotation"
ftdcpc6f,ftld_c6f,"Form C6F Revised Self Monitoring Scale",dropdown,"0. The questionnaire was completed","0, 0 Independently by informant, as described in Instructions to the Center | 1, 1 Via in-person interview of informant by clinic staff | 2, 2 Via telephone interview of informant by clinic staff",,,,,,,,,,,,
ftdalter,ftld_c6f,,dropdown,"1. In social situations, the patient has the ability to alter his/her behavior if he/she feels something else is called for","0, 0 Certainly, always false | 1, 1 Generally false | 2, 2 Somewhat false, but with exceptions | 3, 3 Somewhat true, but with exceptions | 4, 4 Generally true | 5, 5 Certainly, always true",,,,,,,,,,,,
ftdemot,ftld_c6f,,dropdown,"2. The patient is often able to correctly read peoples true emotions through their eyes","0, 0 Certainly, always false | 1, 1 Generally false | 2, 2 Somewhat false, but with exceptions | 3, 3 Somewhat true, but with exceptions | 4, 4 Generally true | 5, 5 Certainly, always true",,,,,,,,,,,,
ftdacros,ftld_c6f,,dropdown,"3. The patient has the ability to control the way he/she comes across to people, depending on the impression he/she wants to give","0, 0 Certainly, always false | 1, 1 Generally false | 2, 2 Somewhat false, but with exceptions | 3, 3 Somewhat true, but with exceptions | 4, 4 Generally true | 5, 5 Certainly, always true",,,,,,,,,,,,
ftdconv,ftld_c6f,,dropdown,"4. In conversations, the patient is sensitive to even the slightest change in the facial expression of the person he/she is conversing with","0, 0 Certainly, always false | 1, 1 Generally false | 2, 2 Somewhat false, but with exceptions | 3, 3 Somewhat true, but with exceptions | 4, 4 Generally true | 5, 5 Certainly, always true",,,,,,,,,,,,
ftdintui,ftld_c6f,,dropdown,"5. The patients powers of intuition are quite good when it comes to understanding others","0, 0 Certainly, always false | 1, 1 Generally false | 2, 2 Somewhat false, but with exceptions | 3, 3 Somewhat true, but with exceptions | 4, 4 Generally true | 5, 5 Certainly, always true",,,,,,,,,,,,
ftdjoke,ftld_c6f,,dropdown,"6. The patient can usually tell when others consider a joke in bad taste, even though they may laugh convincingly","0, 0 Certainly, always false | 1, 1 Generally false | 2, 2 Somewhat false, but with exceptions | 3, 3 Somewhat true, but with exceptions | 4, 4 Generally true | 5, 5 Certainly, always true",,,,,,,,,,,,
ftdimagp,ftld_c6f,,dropdown,"7. When the patient feels that the image he/she is projecting isnt working, he/she can readily change to something that does","0, 0 Certainly, always false | 1, 1 Generally false | 2, 2 Somewhat false, but with exceptions | 3, 3 Somewhat true, but with exceptions | 4, 4 Generally true | 5, 5 Certainly, always true",,,,,,,,,,,,
ftdinapp,ftld_c6f,,dropdown,"8. The patient can usually tell when he/she said something inappropriate by reading it in the listener's eyes","0, 0 Certainly, always false | 1, 1 Generally false | 2, 2 Somewhat false, but with exceptions | 3, 3 Somewhat true, but with exceptions | 4, 4 Generally true | 5, 5 Certainly, always true",,,,,,,,,,,,
ftdchbeh,ftld_c6f,,dropdown,"9. The patient has trouble changing his/her behavior to suit different people and different situations","0, 0 Certainly, always false | 1, 1 Generally false | 2, 2 Somewhat false, but with exceptions | 3, 3 Somewhat true, but with exceptions | 4, 4 Generally true | 5, 5 Certainly, always true",,,,,,,,,,,,
ftdchbeh_2,ftld_c6f,,calc,"9. The patient has trouble changing his/her behavior to suit different people and different situations","if([ftdchbeh] = 0, 5, if([ftdchbeh] = 1, 4, if([ftdchbeh] = 2, 3, if([ftdchbeh] = 3, 2, if([ftdchbeh] = 4, 1, if([ftdchbeh] = 5, 0, """"))))))",,,,,,,,,,,," @HIDDEN"
ftdadbeh,ftld_c6f,,dropdown,"10. The patient can adjust his/her behavior to meet the requirements of any situation he/she is in","0, 0 Certainly, always false | 1, 1 Generally false | 2, 2 Somewhat false, but with exceptions | 3, 3 Somewhat true, but with exceptions | 4, 4 Generally true | 5, 5 Certainly, always true",,,,,,,,,,,,
ftdlying,ftld_c6f,,dropdown,"11. If someone is lying to the patient, he/she usually knows it at once from that person's manner or expression","0, 0 Certainly, always false | 1, 1 Generally false | 2, 2 Somewhat false, but with exceptions | 3, 3 Somewhat true, but with exceptions | 4, 4 Generally true | 5, 5 Certainly, always true",,,,,,,,,,,,
ftdgoodf,ftld_c6f,,dropdown,"12. Even when it might be to his/her advantage, the patient has difficulty putting up a good front","0, 0 Certainly, always false | 1, 1 Generally false | 2, 2 Somewhat false, but with exceptions | 3, 3 Somewhat true, but with exceptions | 4, 4 Generally true | 5, 5 Certainly, always true",,,,,,,,,,,,
ftdgoodf_2,ftld_c6f,,calc,"12. Even when it might be to his/her advantage, the patient has difficulty putting up a good front","if([ftdgoodf] = 0, 5, if([ftdgoodf] = 1, 4, if([ftdgoodf] = 2, 3, if([ftdgoodf] = 3, 2, if([ftdgoodf] = 4, 1, if([ftdgoodf] = 5, 0, """"))))))",,,,,,,,,,,," @HIDDEN"
ftdregul,ftld_c6f,,dropdown,"13. Once the patient knows what the situation calls for, its easy for him/her to regulate his/her actions accordingly","0, 0 Certainly, always false | 1, 1 Generally false | 2, 2 Somewhat false, but with exceptions | 3, 3 Somewhat true, but with exceptions | 4, 4 Generally true | 5, 5 Certainly, always true",,,,,,,,,,,,
ftdsmscr,ftld_c6f,"Summary Scores",dropdown,"14. Sensitiviy to Socio-emotional Expressiveness Score (EX) (0-30)","0, 0 | 1, 1 | 2, 2 | 3, 3 | 4, 4 | 5, 5 | 6, 6 | 7, 7 | 8, 8 | 9, 9 | 10, 10 | 11, 11 | 12, 12 | 13, 13 | 14, 14 | 15, 15 | 16, 16 | 17, 17 | 18, 18 | 19, 19 | 20, 20 | 21, 21 | 22, 22 | 23, 23 | 24, 24 | 25, 25 | 26, 26 | 27, 27 | 28, 28 | 29, 29 | 30, 30 | 88, 88",,,,,,,,,,,," @HIDDEN"
ftdsmscr_2,ftld_c6f,,calc,"14. Sensitiviy to Socio-emotional Expressiveness Score (EX) (0-30) - Autocalculated","if([ftdemot] <> """" AND [ftdconv] <> """" AND [ftdintui] <> """" AND [ftdinapp] <> """" AND [ftdlying] <> """", sum([ftdemot], [ftdconv], [ftdintui], [ftdjoke], [ftdinapp], [ftdlying]), 88)",,,,,,,,,,,,
ftdspscr,ftld_c6f,,dropdown,"15. Ability to Modify Selp-presentation Score (SP) (0-35)","0, 0 | 1, 1 | 2, 2 | 3, 3 | 4, 4 | 5, 5 | 6, 6 | 7, 7 | 8, 8 | 9, 9 | 10, 10 | 11, 11 | 12, 12 | 13, 13 | 14, 14 | 15, 15 | 16, 16 | 17, 17 | 18, 18 | 19, 19 | 20, 20 | 21, 21 | 22, 22 | 23, 23 | 24, 24 | 25, 25 | 26, 26 | 27, 27 | 28, 28 | 29, 29 | 30, 30 | 31, 31 | 32, 32 | 33, 33 | 34, 34 | 35, 35 | 88, 88",,autocomplete,,,,,,,,,," @HIDDEN"
ftdspscr_2,ftld_c6f,,calc,"15. Ability to Modify Self-presentation Score (SP) (0-35) - Autocalculated","if([ftdalter] <> """" AND [ftdimagp] <> """" AND [ftdchbeh] <> """" AND [ftdadbeh] <> """" AND [ftdgoodf] <> """" AND [ftdregul] <> """", sum([ftdalter], [ftdacros], [ftdimagp], [ftdchbeh_2], [ftdadbeh], [ftdgoodf_2], [ftdregul]), 88)",,,,,,,,,,,,
ftdrsmst,ftld_c6f,,dropdown,"16. RSMS Total Score (0-65)","0, 0 | 1, 1 | 2, 2 | 3, 3 | 4, 4 | 5, 5 | 6, 6 | 7, 7 | 8, 8 | 9, 9 | 10, 10 | 11, 11 | 12, 12 | 13, 13 | 14, 14 | 15, 15 | 16, 16 | 17, 17 | 18, 18 | 19, 19 | 20, 20 | 21, 21 | 22, 22 | 23, 23 | 24, 24 | 25, 25 | 26, 26 | 27, 27 | 28, 28 | 29, 29 | 30, 30 | 31, 31 | 32, 32 | 33, 33 | 34, 34 | 35, 35 | 36, 36 | 37, 37 | 38, 38 | 39, 39 | 40, 40 | 41, 41 | 42, 42 | 43, 43 | 44, 44 | 45, 45 | 46, 46 | 47, 47 | 48, 48 | 49, 49 | 50, 50 | 51, 51 | 52, 52 | 53, 53 | 54, 54 | 55, 55 | 56, 56 | 57, 57 | 58, 58 | 59, 59 | 60, 60 | 61, 61 | 62, 62 | 63, 63 | 64, 64 | 65, 65 | 88, 88",,,,,,,,,,,," @HIDDEN"
ftdrsmst_2,ftld_c6f,,calc,"16. RSMS Total Score (0-65) - Autocalculated","if([ftdalter] <> """" AND [ftdemot] <> """" AND [ftdacros] <> """" AND [ftdconv] <> """" AND [ftdintui] <> """" AND [ftdjoke] <> """" AND [ftdimagp] <> """" AND [ftdinapp] <> """" AND [ftdchbeh] <> """" AND [ftdadbeh] <> """" AND [ftdlying] <> """" AND [ftdgoodf] <> """" AND [ftdregul] <> """", sum([ftdalter], [ftdemot], [ftdacros], [ftdconv], [ftdintui], [ftdjoke], [ftdimagp], [ftdinapp], [ftdchbeh_2], [ftdadbeh], [ftdlying], [ftdgoodf_2], [ftdregul]), 88)",,,,,,,,,,,,
c6f_notcomplete,ftld_c6f,,dropdown,"Reason c6f not complete","95, 95 = Physical problem | 96, 96 = Cognitive/behavior problem | 97, 97 = Other problem | 98, 98 = Verbal refusal",,autocomplete,,,,,,,,,,
