"Variable / Field Name","Form Name","Section Header","Field Type","Field Label","Choices, Calculations, OR Slider Labels","Field Note","Text Validation Type OR Show Slider Number","Text Validation Min","Text Validation Max",Identifier?,"Branching Logic (Show field only if...)","Required Field?","Custom Alignment","Question Number (surveys only)","Matrix Group Name","Matrix Ranking?","Field Annotation"
ftdself,ftld_c3f,"Form C3F Social Behavior Observer Checklist",dropdown,"1. Was overly self-conscious / embarrassed for self.","0, 0 Not at all | 1, 1 A little bit | 2, 2 Moderately | 3, 3 Severly",,,,,,,,,,,,
ftdbadly,ftld_c3f,,dropdown,"1a. Spontaneously mentioned that he/she was performing badly.","0, 0 Never | 1, 1 Once | 2, 2 2-3x | 3, 3 4",,,,,,,,,,,,
ftddepr,ftld_c3f,,dropdown,"1b. Made other self-depreciatory comments","0, 0 Never | 1, 1 Once | 2, 2 2-3x | 3, 3 4",,,,,,,,,,,,
ftdemotd,ftld_c3f,,dropdown,"1c. Showed emotional distress over his/her performance / cognitive abilities.","0, 0 Never | 1, 1 Once | 2, 2 2-3x | 3, 3 4",,,,,,,,,,,,
ftdlself,ftld_c3f,,dropdown,"2. Showed too little self-consciousness/embarrassment for self.","0, 0 Not at all | 1, 1 A little bit | 2, 2 Moderately | 3, 3 Severly",,,,,,,,,,,,
ftddisr,ftld_c3f,,dropdown,"2a. Disrobed immodestly (took off shoes, belt, pants, etc. lifted shirt, etc.)","0, 0 Never | 1, 1 Once | 2, 2 2-3x | 3, 3 4",,,,,,,,,,,,
ftdbelch,ftld_c3f,,dropdown,"2b. Engaged in belching or flatulence, or picked nose without apology.","0, 0 Never | 1, 1 Once | 2, 2 2-3x | 3, 3 4",,,,,,,,,,,,
ftdgigg,ftld_c3f,,dropdown,"2c. Giggled or otherwise made silly, childish comment or noise.","0, 0 Never | 1, 1 Once | 2, 2 2-3x | 3, 3 4",,,,,,,,,,,,
ftdpriv,ftld_c3f,,dropdown,"3. Insensitive to others' embarrassment or privacy.","0, 0 Not at all | 1, 1 A little bit | 2, 2 Moderately | 3, 3 Severly",,,,,,,,,,,,
ftdnegat,ftld_c3f,,dropdown,"3a. Insulted or made a negative comment about examiner","0, 0 Never | 1, 1 Once | 2, 2 2-3x | 3, 3 4+",,,,,,,,,,,,
ftdecomm,ftld_c3f,,dropdown,"3b. Made an embarrassing comment about examiner.","0, 0 Never | 1, 1 Once | 2, 2 2-3x | 3, 3 4+",,,,,,,,,,,,
ftdinapj,ftld_c3f,,dropdown,"3c. Made an inappropriate or embarrassing joke.","0, 0 Never | 1, 1 Once | 2, 2 2-3x | 3, 3 4+",,,,,,,,,,,,
ftdfaila,ftld_c3f,,dropdown,"4. Failed to adapt / defer to structure of testing situation established by","0, 0 Not at all | 1, 1 A little bit | 2, 2 Moderately | 3, 3 Severely",,,,,,,,,,,,
ftdresis,ftld_c3f,,dropdown,"4a. Resisted redirection while engaging in a verbal monologue","0, 0 Never | 1, 1 Once | 2, 2 2-3x | 3, 3 4+",,,,,,,,,,,,
ftdinter,ftld_c3f,,dropdown,"4b. Interrupted examiner.","0, 0 Never | 1, 1 Once | 2, 2 2-3x | 3, 3 4+",,,,,,,,,,,,
ftdverba,ftld_c3f,,dropdown,"4c. Verbalized a desire to leave the evaluation prematurely.","0, 0 Never | 1, 1 Once | 2, 2 2-3x | 3, 3 4+",,,,,,,,,,,,
ftdphysi,ftld_c3f,,dropdown,"4d. Physically attempted to leave the evaluation prematurely.","0, 0 Never | 1, 1 Once | 2, 2 2-3x | 3, 3 4+",,,,,,,,,,,,
ftdtopic,ftld_c3f,,dropdown,"4e. Failed to maintain topic of discussion, initiated tangent.","0, 0 Never | 1, 1 Once | 2, 2 2-3x | 3, 3 4+",,,,,,,,,,,,
ftdproto,ftld_c3f,,dropdown,"4f. Demanded that test protocol be broken for him/her (e.g., insisted on completing","0, 0 Never | 1, 1 Once | 2, 2 2-3x | 3, 3 4+",,,,,,,,,,,,
ftdpreo,ftld_c3f,,dropdown,"5. Was preoccupied with what time the evaluation had to be finished.","0, 0 Not at all | 1, 1 A little bit | 2, 2 Moderately | 3, 3 Severely",,,,,,,,,,,,
ftdfini,ftld_c3f,,dropdown,"5a. Reminded examiner what time evaluation had to be finished.","0, 0 Never | 1, 1 Once | 2, 2 2-3x | 3, 3 4+",,,,,,,,,,,,
ftdacted,ftld_c3f,,dropdown,"6. Acted overly dependent.","0, 0 Not at all | 1, 1 A little bit | 2, 2 Moderately | 3, 3 Severely",,,,,,,,,,,,
ftdabs,ftld_c3f,,dropdown,"6a. Mentioned caregivers absence or asked when caregiver would return.","0, 0 Never | 1, 1 Once | 2, 2 2-3x | 3, 3 4+",,,,,,,,,,,,
ftdfeedb,ftld_c3f,,dropdown,"6b. Asked for feedback on performance.","0, 0 Never | 1, 1 Once | 2, 2 2-3x | 3, 3 4+",,,,,,,,,,,,
ftdfrust,ftld_c3f,,dropdown,"6c. Showed frustration when examiner would not provide explicit feedback.","0, 0 Never | 1, 1 Once | 2, 2 2-3x | 3, 3 4+",,,,,,,,,,,,
ftdanxi,ftld_c3f,,dropdown,"7. Was anxious.","0, 0 Not at all | 1, 1 A little bit | 2, 2 Moderately | 3, 3 Severely",,,,,,,,,,,,
ftdnervo,ftld_c3f,,dropdown,"7a. Mentioned being nervous about testing/performance anxiety.","0, 0 Never | 1, 1 Once | 2, 2 2-3x | 3, 3 4+",,,,,,,,,,,,
ftdndiag,ftld_c3f,,dropdown,"7b. Mentioned being nervous about diagnosis or prognosis.","0, 0 Never | 1, 1 Once | 2, 2 2-3x | 3, 3 4+",,,,,,,,,,,,
ftdstimb,ftld_c3f,,dropdown,"8. Was stimulus-bound.","0, 0 Not at all | 1, 1 A little bit | 2, 2 Moderately | 3, 3 Severely",,,,,,,,,,,,
ftdstime,ftld_c3f,,dropdown,"8a. Made stimulus-bound error on testing.","0, 0 Never | 1, 1 Once | 2, 2 2-3x | 3, 3 4+",,,,,,,,,,,,
ftdobjec,ftld_c3f,,dropdown,"8b. Picked up object on desk unnecessarily.","0, 0 Never | 1, 1 Once | 2, 2 2-3x | 3, 3 4+",,,,,,,,,,,,
ftdcircu,ftld_c3f,,dropdown,"8c. Circumstantial speech; overly focused on details, overly lengthy.","0, 0 Never | 1, 1 Once | 2, 2 2-3x | 3, 3 4+",,,,,,,,,,,,
ftdperse,ftld_c3f,,dropdown,"9. Was perseverative.","0, 0 Not at all | 1, 1 A little bit | 2, 2 Moderately | 3, 3 Severely",,,,,,,,,,,,
ftdrepea,ftld_c3f,,dropdown,"9a. Repeated previous answer on testing.","0, 0 Never | 1, 1 Once | 2, 2 2-3x | 3, 3 4+",,,,,,,,,,,,
ftdanecd,ftld_c3f,,dropdown,"9b. Repeated an anecdote.","0, 0 Never | 1, 1 Once | 2, 2 2-3x | 3, 3 4+",,,,,,,,,,,,
ftddinit,ftld_c3f,,dropdown,"10. Showed decreased initiation.","0, 0 Not at all | 1, 1 A little bit | 2, 2 Moderately | 3, 3 Severely",,,,,,,,,,,,
ftddelay,ftld_c3f,,dropdown,"10a. Began response in a notably delayed manner(not due to general slowing).","0, 0 Never | 1, 1 Once | 2, 2 2-3x | 3, 3 4+",,,,,,,,,,,,
ftdaddve,ftld_c3f,,dropdown,"10b. Required additional verbal prompting to initiate task.","0, 0 Never | 1, 1 Once | 2, 2 2-3x | 3, 3 4+",,,,,,,,,,,,
ftdfluct,ftld_c3f,,dropdown,"11. Showed fluctuating level of cognitive ability through sessions regardless","0, 0 Not at all | 1, 1 A little bit | 2, 2 Moderately | 3, 3 Severely",,,,,,,,,,,,
ftdlostt,ftld_c3f,,dropdown,"11a. Lost task set/forgot instructions after performing task correctly.","0, 0 Never | 1, 1 Once | 2, 2 2-3x | 3, 3 4+",,,,,,,,,,,,
ftdrepru,ftld_c3f,,dropdown,"11b. Repeated rules to self multiple times during task.","0, 0 Never | 1, 1 Once | 2, 2 2-3x | 3, 3 4+",,,,,,,,,,,,
ftdtrain,ftld_c3f,,dropdown,"11c. Lost train of thought during conversation or response (demonstrated thought","0, 0 Never | 1, 1 Once | 2, 2 2-3x | 3, 3 4+",,,,,,,,,,,,
ftddiscl,ftld_c3f,,dropdown,"12. Was overly disclosing or inappropriately familiar.","0, 0 Not at all | 1, 1 A little bit | 2, 2 Moderately | 3, 3 Severely",,,,,,,,,,,,
ftdspont,ftld_c3f,,dropdown,"12a. Spontaneously revealed inappropriately personal information concerning","0, 0 Never | 1, 1 Once | 2, 2 2-3x | 3, 3 4+",,,,,,,,,,,,
ftdsponr,ftld_c3f,,dropdown,"12b. Spontaneously revealed inappropriately personal information concerning a","0, 0 Never | 1, 1 Once | 2, 2 2-3x | 3, 3 4+",,,,,,,,,,,,
ftdstood,ftld_c3f,,dropdown,"12c. Stood or leaned too close to examiner (noticeably entered examiners","0, 0 Never | 1, 1 Once | 2, 2 2-3x | 3, 3 4+",,,,,,,,,,,,
ftdtouch,ftld_c3f,,dropdown,"12d. Touched examiner.","0, 0 Never | 1, 1 Once | 2, 2 2-3x | 3, 3 4+",,,,,,,,,,,,
ftddsoci,ftld_c3f,,dropdown,"13. Showed diminished social/emotional engagement.","0, 0 Not at all | 1, 1 A little bit | 2, 2 Moderately | 3, 3 Severely",,,,,,,,,,,,
ftdexagg,ftld_c3f,,dropdown,"14. Showed exaggerated/labile emotional reactivity:","0, 0 Not at all | 1, 1 A little bit | 2, 2 Moderately | 3, 3 Severely",,,,,,,,,,,,
ftdsbtot,ftld_c3f,,dropdown,"15. Descriptor Total Score","0, 0 | 1, 1 | 2, 2 | 3, 3 | 4, 4 | 5, 5 | 6, 6 | 7, 7 | 8, 8 | 9, 9 | 10, 10 | 11, 11 | 12, 12 | 13, 13 | 14, 14 | 15, 15 | 16, 16 | 17, 17 | 18, 18 | 19, 19 | 20, 20 | 21, 21 | 22, 22 | 23, 23 | 24, 24 | 25, 25 | 26, 26 | 27, 27 | 28, 28 | 29, 29 | 30, 30 | 31, 31 | 32, 32 | 33, 33 | 34, 34 | 35, 35 | 36, 36 | 37, 37 | 38, 38 | 39, 39 | 40, 40 | 41, 41 | 42, 42",,autocomplete,,,,,,,,,," @HIDDEN"
ftdsbtot_auto,ftld_c3f,,calc,"Auto-calculated Descriptor Total Score","sum([ftdself], [ftdlself], [ftdpriv], [ftdfaila], [ftdpreo], [ftdacted], [ftdanxi], [ftdstimb], [ftdperse], [ftddinit], [ftdfluct], [ftddiscl], [ftddsoci], [ftdexagg])",,,,,,,,,,,,
ftdsbcto,ftld_c3f,,dropdown,"16. Checklist (Behavior) Score","0, 0 | 1, 1 | 2, 2 | 3, 3 | 4, 4 | 5, 5 | 6, 6 | 7, 7 | 8, 8 | 9, 9 | 10, 10 | 11, 11 | 12, 12 | 13, 13 | 14, 14 | 15, 15 | 16, 16 | 17, 17 | 18, 18 | 19, 19 | 20, 20 | 21, 21 | 22, 22 | 23, 23 | 24, 24 | 25, 25 | 26, 26 | 27, 27 | 28, 28 | 29, 29 | 30, 30 | 31, 31 | 32, 32 | 33, 33 | 34, 34 | 35, 35 | 36, 36 | 37, 37 | 38, 38 | 39, 39 | 40, 40 | 41, 41 | 42, 42 | 43, 43 | 44, 44 | 45, 45 | 46, 46 | 47, 47 | 48, 48 | 49, 49 | 50, 50 | 51, 51 | 52, 52 | 53, 53 | 54, 54 | 55, 55 | 56, 56 | 57, 57 | 58, 58 | 59, 59 | 60, 60 | 61, 61 | 62, 62 | 63, 63 | 64, 64 | 65, 65 | 66, 66 | 67, 67 | 68, 68 | 69, 69 | 70, 70 | 71, 71 | 72, 72 | 73, 73 | 74, 74 | 75, 75 | 76, 76 | 77, 77 | 78, 78 | 79, 79 | 80, 80 | 81, 81 | 82, 82 | 83, 83 | 84, 84 | 85, 85 | 86, 86 | 87, 87 | 88, 88 | 89, 89 | 90, 90 | 91, 91 | 92, 92 | 93, 93 | 94, 94 | 95, 95 | 96, 96 | 97, 97 | 98, 98 | 99, 99 | 100, 100 | 101, 101 | 102, 102 | 103, 103 | 104, 104 | 105, 105",,autocomplete,,,,,,,,,," @HIDDEN"
ftdsbcto_2,ftld_c3f,,calc,"Auto-calculated Checklist Total Score","sum([ftdbadly], [ftddepr], [ftdemotd], [ftddisr], [ftdbelch], [ftdgigg], [ftdnegat], [ftdecomm], [ftdinapj], [ftdresis], [ftdinter], [ftdverba], [ftdphysi], [ftdtopic], [ftdproto], [ftdfini], [ftdabs], [ftdfeedb], [ftdfrust], [ftdnervo], [ftdndiag], [ftdstime], [ftdobjec], [ftdcircu], [ftdrepea], [ftdanecd], [ftddelay], [ftdaddve], [ftdlostt], [ftdrepru], [ftdtrain], [ftdspont], [ftdsponr], [ftdstood], [ftdtouch])",,,,,,,,,,,,
ftdlengt,ftld_c3f,,dropdown,"17. Length of the Entire FTLD Neuropsychological Testing Session","10, 10 | 11, 11 | 12, 12 | 13, 13 | 14, 14 | 15, 15 | 16, 16 | 17, 17 | 18, 18 | 19, 19 | 20, 20 | 21, 21 | 22, 22 | 23, 23 | 24, 24 | 25, 25 | 26, 26 | 27, 27 | 28, 28 | 29, 29 | 30, 30 | 31, 31 | 32, 32 | 33, 33 | 34, 34 | 35, 35 | 36, 36 | 37, 37 | 38, 38 | 39, 39 | 40, 40 | 41, 41 | 42, 42 | 43, 43 | 44, 44 | 45, 45 | 46, 46 | 47, 47 | 48, 48 | 49, 49 | 50, 50 | 51, 51 | 52, 52 | 53, 53 | 54, 54 | 55, 55 | 56, 56 | 57, 57 | 58, 58 | 59, 59 | 60, 60 | 61, 61 | 62, 62 | 63, 63 | 64, 64 | 65, 65 | 66, 66 | 67, 67 | 68, 68 | 69, 69 | 70, 70 | 71, 71 | 72, 72 | 73, 73 | 74, 74 | 75, 75 | 76, 76 | 77, 77 | 78, 78 | 79, 79 | 80, 80 | 81, 81 | 82, 82 | 83, 83 | 84, 84 | 85, 85 | 86, 86 | 87, 87 | 88, 88 | 89, 89 | 90, 90 | 91, 91 | 92, 92 | 93, 93 | 94, 94 | 95, 95 | 96, 96 | 97, 97 | 98, 98 | 99, 99 | 100, 100 | 101, 101 | 102, 102 | 103, 103 | 104, 104 | 105, 105 | 106, 106 | 107, 107 | 108, 108 | 109, 109 | 110, 110 | 111, 111 | 112, 112 | 113, 113 | 114, 114 | 115, 115 | 116, 116 | 117, 117 | 118, 118 | 119, 119 | 120, 120 | 121, 121 | 122, 122 | 123, 123 | 124, 124 | 125, 125 | 126, 126 | 127, 127 | 128, 128 | 129, 129 | 130, 130 | 131, 131 | 132, 132 | 133, 133 | 134, 134 | 135, 135 | 136, 136 | 137, 137 | 138, 138 | 139, 139 | 140, 140 | 141, 141 | 142, 142 | 143, 143 | 144, 144 | 145, 145 | 146, 146 | 147, 147 | 148, 148 | 149, 149 | 150, 150 | 151, 151 | 152, 152 | 153, 153 | 154, 154 | 155, 155 | 156, 156 | 157, 157 | 158, 158 | 159, 159 | 160, 160 | 161, 161 | 162, 162 | 163, 163 | 164, 164 | 165, 165 | 166, 166 | 167, 167 | 168, 168 | 169, 169 | 170, 170 | 171, 171 | 172, 172 | 173, 173 | 174, 174 | 175, 175 | 176, 176 | 177, 177 | 178, 178 | 179, 179 | 180, 180 | 181, 181 | 182, 182 | 183, 183 | 184, 184 | 185, 185 | 186, 186 | 187, 187 | 188, 188 | 189, 189 | 190, 190 | 191, 191 | 192, 192 | 193, 193 | 194, 194 | 195, 195 | 196, 196 | 197, 197 | 198, 198 | 199, 199 | 200, 200 | 201, 201 | 202, 202 | 203, 203 | 204, 204 | 205, 205 | 206, 206 | 207, 207 | 208, 208 | 209, 209 | 210, 210 | 211, 211 | 212, 212 | 213, 213 | 214, 214 | 215, 215 | 216, 216 | 217, 217 | 218, 218 | 219, 219 | 220, 220 | 221, 221 | 222, 222 | 223, 223 | 224, 224 | 225, 225 | 226, 226 | 227, 227 | 228, 228 | 229, 229 | 230, 230 | 231, 231 | 232, 232 | 233, 233 | 234, 234 | 235, 235 | 236, 236 | 237, 237 | 238, 238 | 239, 239 | 240, 240 | 241, 241 | 243, 243 | 246, 246 | 249, 249 | 250, 250 | 260, 260 | 262, 262 | 269, 269 | 272, 272 | 276, 276 | 294, 294 | 329, 329 | 464, 464 | 999, 999",,autocomplete,,,,,,,,,,
c3f_notcomplete,ftld_c3f,,dropdown,"Reason c3f not completed","95, 95 = Physical problem | 96, 96 = Cognitive/behavior problem | 97, 97 = Other problem | 98, 98 = Verbal refusal",,autocomplete,,,,,,,,,,
