"Variable / Field Name","Form Name","Section Header","Field Type","Field Label","Choices, Calculations, OR Slider Labels","Field Note","Text Validation Type OR Show Slider Number","Text Validation Min","Text Validation Max",Identifier?,"Branching Logic (Show field only if...)","Required Field?","Custom Alignment","Question Number (surveys only)","Matrix Group Name","Matrix Ranking?","Field Annotation"
ftda3afs,ftld_z1f,"Form Z1F Form Checklist",dropdown,"1a. Record of consent for biologic specimen use (Form A3aF) Submitted","0, 0 No | 1, 1 Yes",,,,,,,,,,,,
ftda3afr,ftld_z1f,,dropdown,"1b. Record of consent for biologic specimen use (Form A3aF) Reason not submitted","95, 95 Physical problem | 96, 96 Cognitive/behavior problem | 97, 97 Other problem | 98, 98 Verbal refusal | 99, 99 Unknown or inadequate information",,autocomplete,,,,,,,,,,
ftda3afc,ftld_z1f,,text,"1c. Record of consent for biologic specimen use (Form A3aF) Comments",,,,,,,,,,,,,
ftdc4fs,ftld_z1f,,dropdown,"2a. Behavioral Inhibition Scale (Form C4F) Submitted","0, 0 No | 1, 1 Yes",,,,,,,,,,,,
ftdc4fr,ftld_z1f,,text,"2b. Behavioral Inhibition Scale (Form C4F) Reason not submitted",,,,,,,,,,,,,
ftdc4fc,ftld_z1f,,dropdown,"2c. Behavioral Inhibition Scale (Form C4F) Comments","95, 95 Physical problem | 96, 96 Cognitive/behavior problem | 97, 97 Other problem | 98, 98 Verbal refusal | 99, 99 Unknown or inadequate information",,autocomplete,,,,,,,,,,
ftdc5fs,ftld_z1f,,dropdown,"3a. Interperonal Reactivity Index (Form C5F) Submitted","0, 0 No | 1, 1 Yes",,,,,,,,,,,,
ftdc5fr,ftld_z1f,,dropdown,"3b. Interperonal Reactivity Index (Form C5F) Reason not submitted","95, 95 Physical problem | 96, 96 Cognitive/behavior problem | 97, 97 Other problem | 98, 98 Verbal refusal | 99, 99 Unknown or inadequate information",,autocomplete,,,,,,,,,,
ftdc5fc,ftld_z1f,,text,"3c. Interperonal Reactivity Index (Form C5F) Comments",,,,,,,,,,,,,
ftdc6fs,ftld_z1f,,dropdown,"4a. Revised self-monitoring scale (Form C6F) Submitted","0, 0 No | 1, 1 Yes",,,,,,,,,,,,
ftdc6fr,ftld_z1f,,dropdown,"4b. Revised self-monitoring scale (Form C6F) Reason not submitted","95, 95 Physical problem | 96, 96 Cognitive/behavior problem | 97, 97 Other problem | 98, 98 Verbal refusal | 99, 99 Unknown or inadequate information",,autocomplete,,,,,,,,,,
ftdc6fc,ftld_z1f,,text,"4c. Revised self-monitoring scale (Form C6F) Comments",,,,,,,,,,,,,
