"Variable / Field Name","Form Name","Section Header","Field Type","Field Label","Choices, Calculations, OR Slider Labels","Field Note","Text Validation Type OR Show Slider Number","Text Validation Min","Text Validation Max",Identifier?,"Branching Logic (Show field only if...)","Required Field?","Custom Alignment","Question Number (surveys only)","Matrix Group Name","Matrix Ranking?","Field Annotation"
lbumspch,b3l,,dropdown,"1. Speech","0, 0 = Normal. | 1, 1 = Slight loss of expression, diction, and/or volume. | 2, 2 = Monotone, slurred but understandable; moderately impaired. | 3, 3 = Marked impairment, difficult to understand. | 4, 4 = Unintelligible. | 8, 8 = Untestable.",,,,,,,,,,,,
lbumspcx,b3l,,text,"1a. Reason",,"Blank if Question 1 LBUMSPCH = 8 (Untestable)",,,,,,,,,,,
lbumface,b3l,,dropdown,"2. Facial Expression","0, 0. Normal | 1, 1. Minimal hypomimia, could be normal ""poker face"" | 2, 2. Slight but definitely abnormal diminution of facial expression | 3, 3. Moderate hypomimia; lips parted some of the time | 4, 4. Masked or fixed facies with severe or complete loss of facial expression; lips parted 1/4 inch or more | 8, 8. Untestable",,,,,,,,,,,,
lbumfacx,b3l,,text,"2a. Reason",,,,,,,,,,,,,
lbumtrfa,b3l,,dropdown,"3a. Tremor at rest-face, lips, chin","0, 0 = Absent. | 1, 1 = Slight and infrequently present. | 2, 2 = Mild in amplitude and persistent. Or moderate in amplitude, but only intermittently present. | 3, 3 = Moderate in amplitude and present most of the time. | 4, 4 = Marked in amplitude and present most of the time. | 8, 8 = Untestable.",,,,,,,,,,,,
lbutrfax,b3l,,text,"3a1. Reason",,,,,,,,,,,,,
lbumtrrh,b3l,,dropdown,"3b. Tremor at rest-right hand","0, 0 = Absent. | 1, 1 = Slight and infrequently present. | 2, 2 = Mild in amplitude and persistent. Or moderate in amplitude, but only intermittently present. | 3, 3 = Moderate in amplitude and present most of the time. | 4, 4 = Marked in amplitude and present most of the time. | 8, 8 = Untestable.",,,,,,,,,,,,
lbutrrhx,b3l,,text,"3b1. Reason",,,,,,,,,,,,,
lbumtrlh,b3l,,dropdown,"3. Tremor at rest-left hand","1, 0. Absent | 2, 1. Slight and infrequently present | 3, 2. Mild in amplitude and presistent. Or moderate in amplitude, but only intermittently present | 4, 3. Moderate in amplitude and present most of the time | 5, 4. Marked in amplitude and present most of the time | 8, 8. Untestable",,,,,,,,,,,,
lbutrlhx,b3l,,text,"3c1. Reason",,,,,,,,,,,,,
lbumtrrf,b3l,,dropdown,"3d. Tremor at rest-right foot","1, 0. Absent | 2, 1. Slight and infrequently present | 3, 2. Mild in amplitude and presistent. Or moderate in amplitude, but only intermittently present | 4, 3. Moderate in amplitude and present most of the time | 5, 4. Marked in amplitude and present most of the time | 8, 8. Untestable",,,,,,,,,,,,
lbutrrfx,b3l,,text,"3d1. Reason",,,,,,,,,,,,,
lbumtrlf,b3l,,dropdown,"3e. Tremor at rest-left foot","0, 0 = Absent. | 1, 1 = Slight and infrequently present. | 2, 2 = Mild in amplitude and persistent. Or moderate in amplitude, but only intermittently present. | 3, 3 = Moderate in amplitude and present most of the time. | 4, 4 = Marked in amplitude and present most of the time. | 8, 8 = Untestable.",,,,,,,,,,,,
lbutrlfx,b3l,,text,"3e1. Reason",,,,,,,,,,,,,
lbumatrh,b3l,,dropdown,"4a. Action or postural tremor of hand-right hand","0, 0 = Absent. | 1, 1 = Slight and infrequently present. | 2, 2 = Mild in amplitude and persistent. Or moderate in amplitude, but only intermittently present. | 3, 3 = Moderate in amplitude and present most of the time. | 4, 4 = Marked in amplitude and present most of the time. | 8, 8 = Untestable",,,,,,,,,,,,
lbuatrhx,b3l,,text,"4a1. Reason",,,,,,,,,,,,,
lbumatlh,b3l,,dropdown,"4b. Action or postural tremor of hands-left hand","0, 0 = Absent. | 1, 1 = Slight and infrequently present. | 2, 2 = Mild in amplitude and persistent. Or moderate in amplitude, but only intermittently present. | 3, 3 = Moderate in amplitude and present most of the time. | 4, 4 = Marked in amplitude and present most of the time. | 8, 8 = Untestable",,,,,,,,,,,,
lbuatlhx,b3l,,text,"4b1. Reason",,,,,,,,,,,,,
lbumrgnk,b3l,,dropdown,"5a. Rigidity-neck","0, 0. Absent | 1, 1. Slight or detectable only when activated by mirror or other movements | 2, 2. Mild to moderate | 3, 3. Marked, but full range of motion easily achieved | 4, 4. Severe, range of motion achieved with difficulty. | 8, 8. Untestable",,,,,,,,,,,,
lburgnkx,b3l,,text,"5a1. Reason",,,,,,,,,,,,,
lbumrgru,b3l,,dropdown,"5b. Rigidity-right upper extremity","0, 0. Absent | 1, 1. Slight or detectable only when activated by mirror or other movements | 2, 2. Mild to moderate | 3, 3. Marked, but full range of motion easily achieved | 4, 4. Severe, range of motion achieved with difficulty. | 8, 8. Untestable",,,,,,,,,,,,
lburgrux,b3l,,text,"5b1 Reason",,,,,,,,,,,,,
lbumrglu,b3l,,dropdown,"5c. Left upper extremity","0, 0 = Absent. | 1, 1 = Slight or detectable only when activated by mirror or other movements. | 2, 2 = Mild to moderate. | 3, 3 = Marked, but full range of motion easily achieved. | 4, 4 = Severe, range of motion achieved with difficulty. | 8, 8 = Untestable.",,,,,,,,,,,,
lburglux,b3l,,text,"5c1. Reason",,,,,,,,,,,,,
lbumrgrl,b3l,,dropdown,"5d. Rigidity-right lower extremity","0, 0. Absent | 1, 1. Slight or detectable only when activated by mirror or other movements | 2, 2. Mild to moderate | 3, 3. Marked, but full range of motion easily achieved | 4, 4. Severe, range of motion achieved with difficulty. | 8, 8. Untestable",,,,,,,,,,,,
lburgrlx,b3l,,text,"5d1. Reason",,,,,,,,,,,,,
lbumrgll,b3l,,dropdown,"5e. Rigidity-left lower extremity","0, 0. Absent | 1, 1. Slight or detectable only when activated by mirror or other movements | 2, 2. Mild to moderate | 3, 3. Marked, but full range of motion easily achieved | 4, 4. Severe, range of motion achieved with difficulty. | 8, 8. Untestable",,,,,,,,,,,,
lburgllx,b3l,,text,"5e1. Reason",,,,,,,,,,,,,
lbumftrh,b3l,,dropdown,"6a. Finger taps-right hand","0, 0. Normal | 1, 1. Mild slowing and/or reduction in amplitude | 2, 2. Moderately impaired. Definite and early fatiguing. May have occasional arrests in movement | 3, 3. Severely impaired. Frequent hesitation in initiating movements or arrests in ongoing movement | 4, 4. Can barely perform the task | 8, 8. Untestable",,,,,,,,,,,,
lbuftrhx,b3l,,text,"6a1. Reason",,,,,,,,,,,,,
lbumftlh,b3l,,dropdown,"6b. Finger taps-left hand","0, 0. Normal | 1, 1. Mild slowing and/or reduction in amplitude | 2, 2. Moderately impaired. Definite and early fatiguing. May have occasional arrests in movement | 3, 3. Severely impaired. Frequent hesitation in initiating movements or arrests in ongoing movement | 4, 4. Can barely perform the task | 8, 8. Untestable",,,,,,,,,,,,
lbuftlhx,b3l,,text,"6b1. Reason",,,,,,,,,,,,,
lbumhmrh,b3l,,dropdown,"7a. Hand movements-right hand","0, 0. Normal | 1, 1. Mild slowing and/or reduction in amplitude | 2, 2. Moderately impaired. Definite and early fatiguing. May have occasional arrests in movement | 3, 3. Severely impaired. Frequent hesitation in initiating movements or arrests in ongoing movement | 4, 4. Can barely perform the task | 8, 8. Untestable",,,,,,,,,,,,
lbuhmrhx,b3l,,text,"7a1. Reason",,,,,,,,,,,,,
lbumhmlh,b3l,,dropdown,"7b. Hand movements-left hand","0, 0. Normal | 1, 1. Mild slowing and/or reduction in amplitude | 2, 2. Moderately impaired. Definite and early fatiguing. May have occasional arrests in movement | 3, 3. Severely impaired. Frequent hesitation in initiating movements or arrests in ongoing movement | 4, 4. Can barely perform the task | 8, 8. Untestable",,,,,,,,,,,,
lbuhmlhx,b3l,,text,"7b1. Reason",,,,,,,,,,,,,
lbumpsrh,b3l,,dropdown,"8a. Rapid alternating movement of hands-right hand","0, 0. Normal | 1, 1. Mild slowing and/or reduction in amplitude | 2, 2. Moderately impaired. Definite and early fatiguing. May have occasional arrests in movement | 3, 3. Severely impaired. Frequent hesitation in initiating movements or arrests in ongoing movement | 4, 4. Can barely perform the task | 8, 8. Untestable",,,,,,,,,,,,
lbupsrhx,b3l,,text,"8a1. Reason",,,,,,,,,,,,,
lubmpslh,b3l,,dropdown,"8b. Rapid alternating movement of hands-left hand","0, 0. Normal | 1, 1. Mild slowing and/or reduction in amplitude | 2, 2. Moderately impaired. Definite and early fatiguing. May have occasional arrests in movement | 3, 3. Severely impaired. Frequent hesitation in initiating movements or arrests in ongoing movement | 4, 4. Can barely perform the task | 8, 8. Untestable",,,,,,,,,,,,
lbupslhx,b3l,,text,"8b1. Reason",,,,,,,,,,,,,
lbumlgrl,b3l,,dropdown,"9a. Leg agility-right leg","0, 0. Normal | 1, 1. Mild slowing and/or reduction in amplitude | 2, 2. Moderately impaired. Definite and early fatiguing. May have occasional arrests in movement | 3, 3. Severely impaired. Frequent hesitation in initiating movements or arrests in ongoing movement | 4, 4. Can barely perform the task | 8, 8. Untestable",,,,,,,,,,,,
lbulgrlx,b3l,,text,"9a1. Reason",,,,,,,,,,,,,
lbumlgll,b3l,,dropdown,"9b. Leg agility-left leg","0, 0. Normal | 1, 1. Mild slowing and/or reduction in amplitude | 2, 2. Moderately impaired. Definite and early fatiguing. May have occasional arrests in movement | 3, 3. Severely impaired. Frequent hesitation in initiating movements or arrests in ongoing movement | 4, 4. Can barely perform the task | 8, 8. Untestable",,,,,,,,,,,,
lbulgllx,b3l,,text,"9b1. Reason",,,,,,,,,,,,,
lbumrise,b3l,,dropdown,"10. Arising from chair","0, 0. Normal | 1, 1. SLow; or may need more than one attempt. | 2, 2. Pushes self up from arms of seat. | 3, 3. Tends to fall back and may have to try more than one time, but can get up without help | 4, 4. Unable to arise without help | 8, 8. Untestable",,,,,,,,,,,,
lbumrisx,b3l,,text,"10a. Reason",,,,,,,,,,,,,
lbumpost,b3l,,dropdown,"11. Posture","0, 0. Normal erect | 1, 1. Not quite erect, slightly stooped posture; could be normal for older person | 2, 2. Moderately stooped posture, definitely abnormal; can be slightly leaning to one side | 3, 3. Severely stooped posture with kyphosis; can be moderately leaning to one side | 4, 4. Marked flexion with extreme abnormality of posture | 8, 8. Untestable",,,,,,,,,,,,
lbumposx,b3l,,text,"11a. Reason",,,,,,,,,,,,,
lbumgait,b3l,,dropdown,"12. Gait","0, 0. Normal | 1, 1. Walks slowly, may shuffle with short steps, but no festination or propulsion | 2, 2. Walks with difficulty, but requires little or no assistance; may have some festination short steps, or propulsion | 3, 3. Severe disturbance of gait, requiring assistance | 4, 4. Cannot walk at all, even with assistance | 8, 8. Untestable",,,,,,,,,,,,
lbumgaix,b3l,,text,"12a. Reason",,,,,,,,,,,,,
lbupstbl,b3l,,dropdown,"13. Postural stability","0, 0. Normal | 1, 1. Retropulsion, but recovers unaided | 2, 2. Absence of postural response; would fall if not caught by examiner | 3, 3. Very unstable, tends to lose balance spontaneously | 4, 4. Unable to stand without assistance | 8, 8. Untestable",,,,,,,,,,,,
lbupstbx,b3l,,text,"13a. Reason",,,,,,,,,,,,,
lbumbrad,b3l,,dropdown,"14. Body bradykinesia and hypokinesia","0, 0. None | 1, 1. Minimal slowness, giving movement a deliberate character; could be normal for some persons. Possibly reduced amplitude | 2, 2. Mild degree of slowness and poverty of movement which is definitely abnormal. Alternatively, some reduced amplitude | 3, 3. Moderate slowness, poverty, or small amplitude of movement | 4, 4. Marked slowness, poverty, or small amplitude of movement | 8, 8. Untestable",,,,,,,,,,,,
lbumbrax,b3l,,text,"14a. Reason",,,,,,,,,,,,,
lbumhnyr,b3l,,dropdown,"15. Modified Hoehn and Yahr staging","0, 0. Stage 0 No signs of disease | 1, 1. Stage 1 Unilateral disease | 2, 2. Stage 1.5 Unilateral plus axial involvement | 3, 3. Stage 2 Bilateral disease, without impairment of balance | 4, 4. Stage 2.5 Mild bilateral disease with recovery on pull test | 5, 5. Stage 3 Mild to moderate bilateral disease; some postural instability; physically independent | 6, 6. Stage 4 Severe disability, still able to walk or stand unassisted | 7, 7. Stage 5 Wheelchair boud or bedridden unless aided. | 8, 8. Untestable",,,,,,,,,,,,
lbumhnyx,b3l,,text,15a,,,,,,,,,,,,,
