"Variable / Field Name","Form Name","Section Header","Field Type","Field Label","Choices, Calculations, OR Slider Labels","Field Note","Text Validation Type OR Show Slider Number","Text Validation Min","Text Validation Max",Identifier?,"Branching Logic (Show field only if...)","Required Field?","Custom Alignment","Question Number (surveys only)","Matrix Group Name","Matrix Ranking?","Field Annotation"
lbdelus,ivp_b4l,,dropdown,"1. Does the participant have beliefs that you know are not true (for example, insisting that people are trying to harm him/her or steal from him/her)?","0, 0. No | 1, 1. Yes | 8, 8. No applicable",,,,,,,,,,,,
lbdhurt,ivp_b4l,,dropdown,"1a. Does the participant believe that he/she is in danger-that others are planning to hurt him/her?","0, 0. No | 1, 1. Yes",,,,,,,,,,,,
lbdsteal,ivp_b4l,,dropdown,"1b. Does the participant believe that others are stealing from him/her?","0, 0. No | 1, 1. Yes",,,,,,,,,,,,
lbdaffr,ivp_b4l,,dropdown,"1c. Does the participant believe that his/her spouse/partner is having an affair?","0, 0. No | 1, 1. Yes",,,,,,,,,,,,
lbdguest,ivp_b4l,,dropdown,"1d. Does the participant believe that unwelcome guests are living in his/her house?","0, 0. No | 1, 1. Yes",,,,,,,,,,,,
lbdimpos,ivp_b4l,,dropdown,"1e. Does the participant believe that his/her spouse or others are not who they claim to be?","0, 0. No | 1, 1. Yes",,,,,,,,,,,,
lbdhome,ivp_b4l,,dropdown,"1f. Does the participant believe that his/her house is not his/her home?","0, 0. No | 1, 1. Yes",,,,,,,,,,,,
lbdaband,ivp_b4l,,dropdown,"1g. Does the participant believe that family members plan to abandon him/her?","0, 0. No | 1, 1. Yes",,,,,,,,,,,,
lbdpres,ivp_b4l,,dropdown,"1h. Does the participant believe that television or magazine figures are actually present in the room? [Does he/she try to talk or interact with them?]","0, 0. No | 1, 1. Yes",,,,,,,,,,,,
lbdother,ivp_b4l,,dropdown,"1i. Does the participant believe any other unusual things that I haven't asked about?","0, 0. No | 1, 1. Yes",,,,,,,,,,,,
lbdelfrq,ivp_b4l,,dropdown,"1j. Frequency","1, 1. Occasionally-less than once per week | 2, 2. Often-about once per week | 3, 3. Frequently-several times per week but less than every day | 4, 4. Very frequently-once or more per day",,,,,,,,,,,,
lbdelsev,ivp_b4l,,dropdown,"1k. Severity","1, 1. Mild-delusions present but seem harmless and produce little distress in the participant | 2, 2. Moderate-delusions are distressing and disruptive | 3, 3. Marked-delusions are very disruptive and are a major source of behavioral disruption (if PRN medications are prescribed, their use signals that the delusions are of marked severity)",,,,,,,,,,,,
lbdeldst,ivp_b4l,,dropdown,"1l. How emotionally distressing do you find this behavior?","0, 0. Not at all | 1, 1. Minimally | 2, 2. Mildly | 3, 3. Moderately | 4, 4. Severely | 5, 5. Very severely or extremely",,,,,,,,,,,,
lbhall,ivp_b4l,,dropdown,"2. Does the participant have hallucinations such as seeing false visions or hearing imaginary voices?","0, 0. No | 1, 1. Yes | 8, 8. Not applicable",,,,,,,,,,,,
lbhvoice,ivp_b4l,,dropdown,"2a. Does the participant describe hearing voices or acts as if he/she hears voices?","0, 0. No | 1, 1. Yes",,,,,,,,,,,,
lbhpeopl,ivp_b4l,,dropdown,"2b. Does the participant talk to people who are not there?","0, 0. No | 1, 1. Yes",,,,,,,,,,,,
lbhnotpr,ivp_b4l,,dropdown,"2c. Does the participant describe seeing things not seen by others or behave as if he/she is seeing things not seen by others?","0, 0. No | 1, 1. Yes",,,,,,,,,,,,
lbhodor,ivp_b4l,,dropdown,"2d. Does the participant report smelling odors not smelled by others","0, 0. No | 1, 1. Yes",,,,,,,,,,,,
lbhfeel,ivp_b4l,,dropdown,"2e. Does the participant describe feeling things on his/her skin or otherwise appear to be feeling things crawling on or touching him/her?","0, 0. No | 1, 1. Yes",,,,,,,,,,,,
lbhtaste,ivp_b4l,,dropdown,"2f. Does the participant describe tastes that are without any known cause?","0, 0. No | 1, 1. Yes",,,,,,,,,,,,
lbhotsen,ivp_b4l,,dropdown,"2g. Does the participant describe any other unusual sensory experiences","0, 0. No | 1, 1. Yes",,,,,,,,,,,,
lbhalfrq,ivp_b4l,,dropdown,"2h. Frequency","1, 1. Occasionally-less than once per week | 2, 2. Often-about once per week | 3, 3. Frequently-several times per week but less than every day | 4, 4. Very frequently-once or more per day",,,,,,,,,,,,
lbhalsev,ivp_b4l,,dropdown,"2i. Severity","1, 1. Mild-hallucinations present but seem harmless and produce little distress for the participant | 2, 2. Moderate-hallucinations are distressing and disruptive to the participant | 3, 3. Marked-hallucinations are very disruptive and are a major source of behavioral disruption, PRN medications may be required to control them.",,,,,,,,,,,,
lbhaldst,ivp_b4l,,dropdown,"2j. How emotionally distressing do you find this behavior?","0, 0. Not at all | 1, 1. Minimally | 2, 2. Mildly | 3, 3. Moderately | 4, 4. Severely | 5, 5. Very severely or extremely",,,,,,,,,,,,
lbanxiet,ivp_b4l,,dropdown,"3. Is the participant very nervous, worried, or frightened for no apparent reason? Does he/she seem very tense or fidgety? Is the participant afraid to be apart from you?","0, 0. No | 1, 1. Yes | 8, 8. Not applicable",,,,,,,,,,,,
lbanevnt,ivp_b4l,,dropdown,"3a. Does the participant say that he/she is worried about planned events?","0, 0. No | 1, 1. Yes",,,,,,,,,,,,
lbanrelx,ivp_b4l,,dropdown,"3b. Does the participant have periods of feeling shaky, unable to relax, or feeling excessively tense?","0, 0. No | 1, 1. Yes",,,,,,,,,,,,
lbanbrth,ivp_b4l,,dropdown,"3c. Does the participant have periods of (or complain of) shortness of breath, gasping, or sighing for no reason other than nervousness?","0, 0. No | 1, 1. Yes",,,,,,,,,,,,
lbanbutt,ivp_b4l,,dropdown,"3d. Does the participant complain of butterflies in his/her stomach, or of racing or pounding of the heart in association with nervousness","0, 0. No | 1, 1. Yes",,,,,,,,,,,,
lbanplac,ivp_b4l,,dropdown,"3e. Does the participant avoid certain places or situations that make him/her more nervous such as riding in the car","0, 0. No | 1, 1. Yes",,,,,,,,,,,,
lbansepr,ivp_b4l,,dropdown,"3f. Does the participant become nervous and upset when separated from you [or his/her caregiver]?","0, 0. No | 1, 1. Yes",,,,,,,,,,,,
lbanothr,ivp_b4l,,dropdown,"3g. Does the participant show any other signs of anxiety?","0, 0. No | 1, 1. Yes",,,,,,,,,,,,
lbanxfrq,ivp_b4l,,dropdown,"3h. Frequency","1, 1. Occasionally-less than once per week | 2, 2. Often-about once per week | 3, 3. Frequently-several times per week but less than every day | 4, 4. Very frequently-once or more per day",,,,,,,,,,,,
lbanxsev,ivp_b4l,,dropdown,"3i. Severity","1, 1. Mild-anxiety is distressing but usually responds to redirection or reassurance | 2, 2. Moderate-anxiety is distressing, anxiety symptoms are spontaneously voiced by the participant and difficult to alleviate | 3, 3. Frequently-several times per week but less than every day | 4, 4. Very frequently-once or more per day",,,,,,,,,,,,
lbanxdst,ivp_b4l,,dropdown,"3j. How emotionally distressing do you find this behavior?","0, 0. Not at all | 1, 1. Minimally | 2, 2. Mildly | 3, 3. Moderately | 4, 4. Severely | 5, 5. Very severely or extremely",,,,,,,,,,,,
lbapathy,ivp_b4l,,dropdown,"4. Has the participant lost interest in the world around him/her? Has he/she lost interest in doing things or lack motivation for starting new activities?","0, 0. No | 1, 1. Yes | 8, 8. Not applicable",,,,,,,,,,,,
lbapspnt,ivp_b4l,,dropdown,"4a. Does the participant seem less spontaneous and active than usual?","0, 0. No | 1, 1. Yes",,,,,,,,,,,,
lbapconv,ivp_b4l,,dropdown,"4b. Is the participant less likely to initiate a conversation?","0, 0. No | 1, 1. Yes",,,,,,,,,,,,
lbapaff,ivp_b4l,,dropdown,"4c. Is the participant less affectionate or lacking in emotions when compared to his/her usual self?","0, 0. No | 1, 1. Yes",,,,,,,,,,,,
lbapchor,ivp_b4l,,dropdown,"4d. Does the participant contribute less to household chores?","0, 0. No | 1, 1. Yes",,,,,,,,,,,,
lbapint,ivp_b4l,,dropdown,"4e. Does the participant seem less interested in the activities and plans of others?","0, 0. No | 1, 1. Yes",,,,,,,,,,,,
lbapfaml,ivp_b4l,,dropdown,"4f. Has the participant lost interest in friends and family members?","0, 0. No | 1, 1. Yes",,,,,,,,,,,,
lbapintr,ivp_b4l,,dropdown,"4g. Is the participant less enthusiastic about his/her usual interests?","0, 0. No | 1, 1. Yes",,,,,,,,,,,,
lbapoth,ivp_b4l,,dropdown,"4h. Does the participant show any other signs that he/she doesn't care about doing new things?","0, 0. No | 1, 1. Yes",,,,,,,,,,,,
lbapafrq,ivp_b4l,,dropdown,"4i. Frequency","1, 1. Occasionally-less than once per week | 2, 2. Often-about once per week | 3, 3. Frequently-several times per week but less than every day | 4, 4. Very frequently-nearly always present",,,,,,,,,,,,
lbapasev,ivp_b4l,,dropdown,"4j. Severity","1, 1. Mild-apathy is notable but produces little interference with daily routines; only mildly different from participant's usual behavior; participant responds to suggestions to engage in activities | 2, 2. Moderate-apathy is very evident; may be overcome by the caregiver with coaxing and encouragement; responds spontaneously only to powerful events such as visits from close relatives or family members | 3, 3. Marked-apathy is very evident and usually fails to respod to any encouragement or external events",,,,,,,,,,,,
lbapadst,ivp_b4l,,dropdown,"4k. How emotionally distressing do you find this behavior?","0, 0. Not at all | 1, 1. Minimally | 2, 2. Mildly | 3, 3. Moderately | 4, 4. Severely | 5, 5. Very severely or extremely",,,,,,,,,,,,
lbdopam,ivp_b4l,,dropdown,"5. Is the participant currently on dopaminergic agents?","0, 0. No | 1, 1. Yes | 9, 9. Unknown",,,,,,,,,,,,
lbdage,ivp_b4l,,dropdown,"5a1. Age at initiation of dopaminergic agents?","15, 15 | 16, 16 | 17, 17 | 18, 18 | 19, 19 | 20, 20 | 21, 21 | 22, 22 | 23, 23 | 24, 24 | 25, 25 | 26, 26 | 27, 27 | 28, 28 | 29, 29 | 30, 30 | 31, 31 | 32, 32 | 33, 33 | 34, 34 | 35, 35 | 36, 36 | 37, 37 | 38, 38 | 39, 39 | 40, 40 | 41, 41 | 42, 42 | 43, 43 | 44, 44 | 45, 45 | 46, 46 | 47, 47 | 48, 48 | 49, 49 | 50, 50 | 51, 51 | 52, 52 | 53, 53 | 54, 54 | 55, 55 | 56, 56 | 57, 57 | 58, 58 | 59, 59 | 60, 60 | 61, 61 | 62, 62 | 63, 63 | 64, 64 | 65, 65 | 66, 66 | 67, 67 | 68, 68 | 69, 69 | 70, 70 | 71, 71 | 72, 72 | 73, 73 | 74, 74 | 75, 75 | 76, 76 | 77, 77 | 78, 78 | 79, 79 | 80, 80 | 81, 81 | 82, 82 | 83, 83 | 84, 84 | 85, 85 | 86, 86 | 87, 87 | 88, 88 | 89, 89 | 90, 90 | 91, 91 | 92, 92 | 93, 93 | 94, 94 | 95, 95 | 96, 96 | 97, 97 | 98, 98 | 99, 99 | 100, 100 | 101, 101 | 102, 102 | 103, 103 | 104, 104 | 105, 105 | 106, 106 | 107, 107 | 108, 108 | 109, 109 | 110, 110 | 777, 777",,,,,,,,,,,,
lbdrug1,ivp_b4l,,text,"5a2. Drug code",,,,,,,,,,,,,
lbdose1,ivp_b4l,,text,"5a3. Dose",,,,,,,,,,,,,
lbdage2,ivp_b4l,,text,"5a4. Age at initiation of dopaminergic agents?",,,,,,,,,,,,,
lbddrug2,ivp_b4l,,text,"5a5. Drug code (drugID)",,,,,,,,,,,,,
lbdose2,ivp_b4l,,text,"5a6. Dose",,,,,,,,,,,,,
lbdelage,ivp_b4l,,dropdown,"6a. Age of onset of delusions?","15, 15 | 16, 16 | 17, 17 | 18, 18 | 19, 19 | 20, 20 | 21, 21 | 22, 22 | 23, 23 | 24, 24 | 25, 25 | 26, 26 | 27, 27 | 28, 28 | 29, 29 | 30, 30 | 31, 31 | 32, 32 | 33, 33 | 34, 34 | 35, 35 | 36, 36 | 37, 37 | 38, 38 | 39, 39 | 40, 40 | 41, 41 | 42, 42 | 43, 43 | 44, 44 | 45, 45 | 46, 46 | 47, 47 | 48, 48 | 49, 49 | 50, 50 | 51, 51 | 52, 52 | 53, 53 | 54, 54 | 55, 55 | 56, 56 | 57, 57 | 58, 58 | 59, 59 | 60, 60 | 61, 61 | 62, 62 | 63, 63 | 64, 64 | 65, 65 | 66, 66 | 67, 67 | 68, 68 | 69, 69 | 70, 70 | 71, 71 | 72, 72 | 73, 73 | 74, 74 | 75, 75 | 76, 76 | 77, 77 | 78, 78 | 79, 79 | 80, 80 | 81, 81 | 82, 82 | 83, 83 | 84, 84 | 85, 85 | 86, 86 | 87, 87 | 88, 88 | 89, 89 | 90, 90 | 91, 91 | 92, 92 | 93, 93 | 94, 94 | 95, 95 | 96, 96 | 97, 97 | 98, 98 | 99, 99 | 100, 100 | 101, 101 | 102, 102 | 103, 103 | 104, 104 | 105, 105 | 106, 106 | 107, 107 | 108, 108 | 109, 109 | 110, 110 | 888, 888 Not applicable | 999, 999 Unknown",,,,,,,,,,,,
lbdelmed,ivp_b4l,,dropdown,"6b. Delusions currently being treated with medication?","0, 0. No | 1, 1. Yes | 9, 9. Unknown",,,,,,,,,,,,
lbdelmd1,ivp_b4l,,text,"6c. Medication 1",,,,,,,,,,,,,
lbdelmd2,ivp_b4l,,text,"6d. Medication 2",,,,,,,,,,,,,
lbhalage,ivp_b4l,,dropdown,"7a. Age of onset of hallucinations","15, 15 | 16, 16 | 17, 17 | 18, 18 | 19, 19 | 20, 20 | 21, 21 | 22, 22 | 23, 23 | 24, 24 | 25, 25 | 26, 26 | 27, 27 | 28, 28 | 29, 29 | 30, 30 | 31, 31 | 32, 32 | 33, 33 | 34, 34 | 35, 35 | 36, 36 | 37, 37 | 38, 38 | 39, 39 | 40, 40 | 41, 41 | 42, 42 | 43, 43 | 44, 44 | 45, 45 | 46, 46 | 47, 47 | 48, 48 | 49, 49 | 50, 50 | 51, 51 | 52, 52 | 53, 53 | 54, 54 | 55, 55 | 56, 56 | 57, 57 | 58, 58 | 59, 59 | 60, 60 | 61, 61 | 62, 62 | 63, 63 | 64, 64 | 65, 65 | 66, 66 | 67, 67 | 68, 68 | 69, 69 | 70, 70 | 71, 71 | 72, 72 | 73, 73 | 74, 74 | 75, 75 | 76, 76 | 77, 77 | 78, 78 | 79, 79 | 80, 80 | 81, 81 | 82, 82 | 83, 83 | 84, 84 | 85, 85 | 86, 86 | 87, 87 | 88, 88 | 89, 89 | 90, 90 | 91, 91 | 92, 92 | 93, 93 | 94, 94 | 95, 95 | 96, 96 | 97, 97 | 98, 98 | 99, 99 | 100, 100 | 101, 101 | 102, 102 | 103, 103 | 104, 104 | 105, 105 | 106, 106 | 107, 107 | 108, 108 | 109, 109 | 110, 110 | 777, 777 Provided at previous visit | 888, 888 Not applicable | 999, 999 Unknown",,,,,,,,,,,,
lbhalmed,ivp_b4l,,dropdown,"7b. Hallucinations currently being treated with medication?","0, 0 No | 1, 1 Yes | 9, 9 Unknown",,,,,,,,,,,,
lbhalmd1,ivp_b4l,,text,"7c. Medication 1",,,,,,,,,,,,,
lbhalmd2,ivp_b4l,,text,"7d. Medication 2",,,,,,,,,,,,,
lbanxage,ivp_b4l,,dropdown,"8a. Age of onset anxiety?","15, 15 | 16, 16 | 17, 17 | 18, 18 | 19, 19 | 20, 20 | 21, 21 | 22, 22 | 23, 23 | 24, 24 | 25, 25 | 26, 26 | 27, 27 | 28, 28 | 29, 29 | 30, 30 | 31, 31 | 32, 32 | 33, 33 | 34, 34 | 35, 35 | 36, 36 | 37, 37 | 38, 38 | 39, 39 | 40, 40 | 41, 41 | 42, 42 | 43, 43 | 44, 44 | 45, 45 | 46, 46 | 47, 47 | 48, 48 | 49, 49 | 50, 50 | 51, 51 | 52, 52 | 53, 53 | 54, 54 | 55, 55 | 56, 56 | 57, 57 | 58, 58 | 59, 59 | 60, 60 | 61, 61 | 62, 62 | 63, 63 | 64, 64 | 65, 65 | 66, 66 | 67, 67 | 68, 68 | 69, 69 | 70, 70 | 71, 71 | 72, 72 | 73, 73 | 74, 74 | 75, 75 | 76, 76 | 77, 77 | 78, 78 | 79, 79 | 80, 80 | 81, 81 | 82, 82 | 83, 83 | 84, 84 | 85, 85 | 86, 86 | 87, 87 | 88, 88 | 89, 89 | 90, 90 | 91, 91 | 92, 92 | 93, 93 | 94, 94 | 95, 95 | 96, 96 | 97, 97 | 98, 98 | 99, 99 | 100, 100 | 101, 101 | 102, 102 | 103, 103 | 104, 104 | 105, 105 | 106, 106 | 107, 107 | 108, 108 | 109, 109 | 110, 110 | 888, 888 Not applicable | 999, 999 Unknown",,,,,,,,,,,,
lbanxmed,ivp_b4l,,dropdown,"8b. Anxiety currently be treated with medication?","0, 0. No | 1, 1. Yes | 9, 9. Unknown",,,,,,,,,,,,
lbanxmd1,ivp_b4l,,text,"8c. Medication 1",,,,,,,,,,,,,
lbanxmd2,ivp_b4l,,text,"8d. Medication 2",,,,,,,,,,,,,
lbapaage,ivp_b4l,,dropdown,"9a. Age of onset of apathy/indifference?","15, 15 | 16, 16 | 17, 17 | 18, 18 | 19, 19 | 20, 20 | 21, 21 | 22, 22 | 23, 23 | 24, 24 | 25, 25 | 26, 26 | 27, 27 | 28, 28 | 29, 29 | 30, 30 | 31, 31 | 32, 32 | 33, 33 | 34, 34 | 35, 35 | 36, 36 | 37, 37 | 38, 38 | 39, 39 | 40, 40 | 41, 41 | 42, 42 | 43, 43 | 44, 44 | 45, 45 | 46, 46 | 47, 47 | 48, 48 | 49, 49 | 50, 50 | 51, 51 | 52, 52 | 53, 53 | 54, 54 | 55, 55 | 56, 56 | 57, 57 | 58, 58 | 59, 59 | 60, 60 | 61, 61 | 62, 62 | 63, 63 | 64, 64 | 65, 65 | 66, 66 | 67, 67 | 68, 68 | 69, 69 | 70, 70 | 71, 71 | 72, 72 | 73, 73 | 74, 74 | 75, 75 | 76, 76 | 77, 77 | 78, 78 | 79, 79 | 80, 80 | 81, 81 | 82, 82 | 83, 83 | 84, 84 | 85, 85 | 86, 86 | 87, 87 | 88, 88 | 89, 89 | 90, 90 | 91, 91 | 92, 92 | 93, 93 | 94, 94 | 95, 95 | 96, 96 | 97, 97 | 98, 98 | 99, 99 | 100, 100 | 101, 101 | 102, 102 | 103, 103 | 104, 104 | 105, 105 | 106, 106 | 107, 107 | 108, 108 | 109, 109 | 110, 110 | 888, 888 Not applicable | 999, 999 Unknown",,,,,,,,,,,,
lbapamed,ivp_b4l,,dropdown,"9b. Apathy/indifference currently being treated with medication","0, 0. No | 1, 1. Yes | 9, 9. Unknown",,,,,,,,,,,,
lbapamd1,ivp_b4l,,text,"9c. Medication 1",,,,,,,,,,,,,
lbapamd2,ivp_b4l,,text,"9d. Medication 2",,,,,,,,,,,,,
