"Variable / Field Name","Form Name","Section Header","Field Type","Field Label","Choices, Calculations, OR Slider Labels","Field Note","Text Validation Type OR Show Slider Number","Text Validation Min","Text Validation Max",Identifier?,"Branching Logic (Show field only if...)","Required Field?","Custom Alignment","Question Number (surveys only)","Matrix Group Name","Matrix Ranking?","Field Annotation"
ftdsmri,ftld_e2f,"Form E2F Imaging Available",dropdown,"1. Is a structural MRI scan obtained available for data sharing.","0, 0 No | 1, 1 Yes",,,,,,,,,,,,
ftdsmmo,ftld_e2f,,dropdown,"1a. Month of MRI Structural Scan?","1, 1 | 2, 2 | 3, 3 | 4, 4 | 5, 5 | 6, 6 | 7, 7 | 8, 8 | 9, 9 | 10, 10 | 11, 11 | 12, 12",,,,,,,,,,,,
ftdsmdy,ftld_e2f,,dropdown,"1a. Day of structural MRI scan","1, 1 | 2, 2 | 3, 3 | 4, 4 | 5, 5 | 6, 6 | 7, 7 | 8, 8 | 9, 9 | 10, 10 | 11, 11 | 12, 12 | 13, 13 | 14, 14 | 15, 15 | 16, 16 | 17, 17 | 18, 18 | 19, 19 | 20, 20 | 21, 21 | 22, 22 | 23, 23 | 24, 24 | 25, 25 | 26, 26 | 27, 27 | 28, 28 | 29, 29 | 30, 30 | 31, 31 | 99, 99",,autocomplete,,,,,,,,,,
ftdsmyr,ftld_e2f,,dropdown,"1a. Year of structural MRI scan","2000, 2000 | 2001, 2001 | 2002, 2002 | 2003, 2003 | 2004, 2004 | 2005, 2005 | 2006, 2006 | 2007, 2007 | 2008, 2008 | 2009, 2009 | 2010, 2010 | 2011, 2011 | 2012, 2012 | 2013, 2013 | 2014, 2014 | 2015, 2015 | 2016, 2016 | 2017, 2017 | 2018, 2018 | 2019, 2019 | 2020, 2020 | 2021, 2021 | 2022, 2022 | 2023, 2023",,autocomplete,,,,,,,,,,
ftdsmdic,ftld_e2f,,dropdown,"1b. Is it in DICOM format or other electronic format?","0, 0 No | 1, 1 Yes | 9, 9 Unknown",,,,,,,,,,,,
ftdsmdis,ftld_e2f,,text,"1b1. ",,,,,,,,,,,,,
ftdsmadn,ftld_e2f,,dropdown,"1c. Structural MRI Scan: Was ADNI protocol used?","0, 0 No | 1, 1 Yes | 9, 9 Unknown",,,,,,,,,,,,
ftdsmadv,ftld_e2f,,text,"1c1. If ADNI protocol was used then ADNI Version?",,,,,,,"[ftdsmadn] = '1'",,,,,,
ftdsmman,ftld_e2f,,dropdown,"1d. MRI Structural:  Scan manufacturer?","1, 1 GE | 2, 2 Siemans | 3, 3 Phillips | 4, 4 Other | 9, 9 Unknown",,,,,,,,,,,,
ftdsmmao,ftld_e2f,,text,"1d0. Structural MRI Scan Manufacturer If Other Specify",,,,,,,"[ftdsmman] = '4'",,,,,,
ftdsmmam,ftld_e2f,,text,"1d1. Structural MRI Scan Manufacturer Model",,,,,,,,,,,,,
ftdsmfs,ftld_e2f,,dropdown,"1e. Structural MRI: Field strength?","1, 1 1.5T | 2, 2 3T | 3, 3 7T | 4, 4 Other | 9, 9 Unknown",,,,,,,,,,,,
ftdsmfso,ftld_e2f,,text,"1e1. Structural MRI scan: Field Strength -> Specify Other",,,,,,,"[ftdsmfs] = '4'",,,,,,
ftdsmqu,ftld_e2f,,dropdown,"1f. Structural MRI: Are results of quantitative image analysis available?","0, 0 No | 1, 1 Yes",,,,,,,,,,,,
ftdfdgpt,ftld_e2f,,dropdown,"2. Is an FDG-PET scan, obtained as part of the current","0, 0 No | 1, 1 Yes",,,,,,,,,,,,
ftdfpmo,ftld_e2f,,dropdown,"2a. Month of FDG-PET scan","1, 1 | 2, 2 | 3, 3 | 4, 4 | 5, 5 | 6, 6 | 7, 7 | 8, 8 | 9, 9 | 10, 10 | 11, 11 | 12, 12",,autocomplete,,,,"[ftdfdgpt] = '1'",,,,,,
ftdfpdy,ftld_e2f,,dropdown,"2a. Day of FDG-PET scan","1, 1 | 2, 2 | 3, 3 | 4, 4 | 5, 5 | 6, 6 | 7, 7 | 8, 8 | 9, 9 | 10, 10 | 11, 11 | 12, 12 | 13, 13 | 14, 14 | 15, 15 | 16, 16 | 17, 17 | 18, 18 | 19, 19 | 20, 20 | 21, 21 | 22, 22 | 23, 23 | 24, 24 | 25, 25 | 26, 26 | 27, 27 | 28, 28 | 29, 29 | 30, 30 | 31, 31",,autocomplete,,,,"[ftdfdgpt] = '1'",,,,,,
ftdfpyr,ftld_e2f,,dropdown,"2a. Year of FDG-PET scan","2000, 2000 | 2001, 2001 | 2002, 2002 | 2003, 2003 | 2004, 2004 | 2005, 2005 | 2006, 2006 | 2007, 2007 | 2008, 2008 | 2009, 2009 | 2010, 2010 | 2011, 2011 | 2012, 2012 | 2013, 2013 | 2014, 2014 | 2015, 2015 | 2016, 2016 | 2017, 2017",,autocomplete,,,,"[ftdfdgpt] = '1'",,,,,,
ftdfddic,ftld_e2f,,dropdown,"2b. Is FDG-PET in DICOM format or other electronic format?","0, 0 No | 1, 1 Yes | 9, 9 Unknown",,,,,,"[ftdfdgpt] = '1'",,,,,,
ftdfddid,ftld_e2f,,text,"2b1. Specify DICOM or Other Format for FDG-PET scan",,,,,,,"[ftdfdgpt] = '1'",,,,,,
ftdfdadn,ftld_e2f,,dropdown,"2c. Was ADNI protocol used for FDG-PET scan","0, 0 No | 1, 1 Yes | 9, 9 Unknown",,,,,,"[ftdfdgpt] = '1'",,,,,,
ftdfdadv,ftld_e2f,,text,"2c1. ADNI Version if ADNI used for FDG-PET scan?",,,,,,,"[ftdfdgpt] = '1'",,,,,,
ftdfdman,ftld_e2f,,dropdown,"2d. FDG-PET scan manufacturer","1, 1 GE | 2, 2 Siemens | 3, 3 Phillips | 4, 4 Other | 9, 9 Unknown",,,,,,"[ftdfdgpt] = '1'",,,,,,
ftdfdmao,ftld_e2f,,text,"2d0. FDG-PET scan manufacturer - other specify",,,,,,,"[ftdfdgpt] = '1'",,,,,,
ftdfdmam,ftld_e2f,,text,"2d1. FTG-PET scan manufacturer model",,,,,,,"[ftdfdgpt] = '1'",,,,,,
ftdfdqu,ftld_e2f,,dropdown,"2e. Are the results of the FTG-PET scan quantitive image analysis available?","0, 0 No | 1, 1 Yes",,,,,,"[ftdfdgpt] = '1'",,,,,,
ftdamypt,ftld_e2f,,dropdown,"3. Is an amyloid PET scan, obtained as part of the current","0, 0 No | 1, 1 Yes",,,,,,,,,,,,
ftdammo,ftld_e2f,,dropdown,"3a. Month of amyloid PET Scan?","1, 1 | 2, 2 | 3, 3 | 4, 4 | 5, 5 | 6, 6 | 7, 7 | 8, 8 | 9, 9 | 10, 10 | 11, 11 | 12, 12",,autocomplete,,,,"[ftdamypt] = '1'",,,,,,
ftdamdy,ftld_e2f,,dropdown,"3a Day of amyloid PET scan","1, 1 | 2, 2 | 3, 3 | 4, 4 | 5, 5 | 6, 6 | 7, 7 | 8, 8 | 9, 9 | 10, 10 | 11, 11 | 12, 12 | 13, 13 | 14, 14 | 15, 15 | 16, 16 | 17, 17 | 18, 18 | 19, 19 | 20, 20 | 21, 21 | 22, 22 | 23, 23 | 24, 24 | 25, 25 | 26, 26 | 27, 27 | 28, 28 | 29, 29 | 30, 30 | 31, 31",,autocomplete,,,,"[ftdamypt] = '1'",,,,,,
ftdamyr,ftld_e2f,,dropdown,"3a. Year of amyloid PET scan","2000, 2000 | 2001, 2001 | 2002, 2002 | 2003, 2003 | 2004, 2004 | 2005, 2005 | 2006, 2006 | 2007, 2007 | 2008, 2008 | 2009, 2009 | 2010, 2010 | 2011, 2011 | 2012, 2012 | 2013, 2013 | 2014, 2014 | 2015, 2015 | 2016, 2016 | 2017, 2017",,autocomplete,,,,"[ftdamypt] = '1'",,,,,,
ftdamdic,ftld_e2f,,dropdown,"3b. Amyloid Pet Scan: Is it in DICOM format or other electronic format?","0, 0 No | 1, 1 Yes | 9, 9 Unknown",,,,,,"[ftdamypt] = '1'",,,,,,
ftdamdid,ftld_e2f,,text,"3b1. Specify DICOM or Other Format for Amyloid PET scan",,,,,,,"[ftdamypt] = '1'",,,,,,
ftdamlig,ftld_e2f,,dropdown,"3c. Amyloid Pet Scan: Ligand used?","1, 1 11C-PIB | 2, 2 18F-AV45 | 3, 3 Other (specify) | 9, 9 Unknown",,,,,,"[ftdamypt] = '1'",,,,,,
ftdamlio,ftld_e2f,,text,"3c1. Specify Ligand used for Amyloid PET scan",,,,,,,"[ftdamypt] = '1'",,,,,,
ftdamadn,ftld_e2f,,dropdown,"3d. Amyloid PET Scan: Was ADNI protocol used?","0, 0 No | 1, 1 Yes | 9, 9 Unknown",,,,,,"[ftdamypt] = '1'",,,,,,
ftdamadv,ftld_e2f,,text,"3d1. Amyloid Pet Scan: If ADNI protocol was used then ADNI Version?",,,,,,,"[ftdamypt] = '1'",,,,,,
ftdamman,ftld_e2f,,dropdown,"3e. Amyloid Pet:  Scan manufacturer?","1, 1 GE | 2, 2 Siemens | 3, 3 Phillips | 4, 4 Other | 9, 9 Unknown",,,,,,"[ftdamypt] = '1'",,,,,,
ftdammao,ftld_e2f,,text,"3e0. Amyloid PET Scan Manufacturer If Other Specify",,,,,,,"[ftdamypt] = '1'",,,,,,
ftdammam,ftld_e2f,,text,"3e1. Amyloid PET Scan Manufacturer Model",,,,,,,"[ftdamypt] = '1'",,,,,,
ftdamqu,ftld_e2f,,dropdown,"3f. Are the results of the Amyloid PET scan quantitive image analysis available?","0, 0 No | 1, 1 Yes",,,,,,"[ftdamypt] = '1'",,,,,,
ftdother,ftld_e2f,,dropdown,"4. Are other PET or SPECT scans, obtained as part of the current evaluation or a pr","0, 0 No | 1, 1 Yes",,,,,,,,,,,,
ftdotdop,ftld_e2f,,dropdown,"4a. Is a dopaminergic scan available?","0, 0 No | 1, 1 Yes | 9, 9 Unknown",,,,,,"[ftdother] = '1'",,,,,,
ftdotser,ftld_e2f,,dropdown,"4b. Is a serotonergic scan available?","0, 0 No | 1, 1 Yes | 9, 9 Unknown",,,,,,"[ftdother] = '1'",,,,,,
ftdotcho,ftld_e2f,,dropdown,"4c. Is a cholinergic scan available?","0, 0 No | 1, 1 Yes | 9, 9 Unknown",,,,,,"[ftdother] = '1'",,,,,,
ftdotano,ftld_e2f,,dropdown,"4d. Is another kind of scan available?","0, 0 No | 1, 1 Yes",,,,,,"[ftdother] = '1'",,,,,,
ftdotans,ftld_e2f,,text,"4d1. Other PET or SPECT Scans - Specify",,,,,,,"[ftdother] = '1'",,,,,,
