﻿"Variable / Field Name","Form Name","Section Header","Field Type","Field Label","Choices, Calculations, OR Slider Labels","Field Note","Text Validation Type OR Show Slider Number","Text Validation Min","Text Validation Max",Identifier?,"Branching Logic (Show field only if...)","Required Field?","Custom Alignment","Question Number (surveys only)","Matrix Group Name","Matrix Ranking?","Field Annotation"
cerad_dt_v2,cerad_updated_2,,text,"What was the date of CERAD administration?",,,date_mdy,,,,,,LV,,,,
ceradt_comp_trl1_v2,cerad_updated_2,,dropdown,"Was Trial 1 of the CERAD Completed","1, Yes | 95, 95 Physical Problem | 96, 96 Cognitive/Behavior Problem | 97, 97 Other | 98, 98 Verbal refusal",,,,,,,y,LV,,,,
ceradt_comp_trl2_v2,cerad_updated_2,,dropdown,"Was Trial 2 of the CERAD Completed?","1, Yes | 95, 95 Physical Problem | 96, 96 Cognitive/Behavior Problem | 97, 97 Other | 98, 98 Verbal refusal",,,,,,[ceradt_comp_trl1_v2]='1',y,LV,,,,
ceradt_comp_trl3_v2,cerad_updated_2,,dropdown,"Was Trial 3 of the CERAD Completed?","1, Yes | 95, 95 Physical Problem | 96, 96 Cognitive/Behavior Problem | 97, 97 Other | 98, 98 Verbal refusal",,,,,,[ceradt_comp_trl2_v2]='1',y,LV,,,,
ceradt_comp_trl4_v2,cerad_updated_2,,dropdown,"Was the Word List Recall Completed?","1, Yes | 95, 95 Physical Problem | 96, 96 Cognitive/Behavior Problem | 97, 97 Other | 98, 98 Verbal refusal",,,,,,,y,LV,,,,
ceradt_comp_trl5_v2,cerad_updated_2,,dropdown,"Was Word Recognition Completed","1, Yes | 95, 95 Physical Problem | 96, 96 Cognitive/Behavior Problem | 97, 97 Other | 98, 98 Verbal refusal",,,,,,,y,LV,,,,
cerad_wrdlst_v2,cerad_updated_2,,radio,"Which word list did you use?","1, Word list 1 | 2, Word list 2",,,,,,,,LV,,,,
wrdlst_alrt_v2,cerad_updated_2,,descriptive,"<div class=""rich-text-field-label""><h4 style=""text-align: center;""><span style=""color: #e03e2d;"">The word list that you are using this year is the same as last years. <span style=""font-weight: normal;"">Please a different word list</span>.</span></h4></div>",,,,,,,"[previous-event-name][cerad_wrdlst_v2]=[cerad_wrdlst_v2] and [vis_type]='2'",,,,,,
butter_1_v2,cerad_updated_2,"<div class=""rich-text-field-label""><p><span style=""color: #236fa1;""><span style=""color: #000000;"">WORD LIST MEMORY TASK</span></span></p></div>",descriptive,butter,,,,,,,"[cerad_wrdlst_v2]='1' and [ceradt_comp_trl1_v2]='1'",,,,,,
arm_1_v2,cerad_updated_2,,descriptive,Arm,,,,,,,"[cerad_wrdlst_v2]='1' and [ceradt_comp_trl1_v2]='1'",,,,,,
shore_1_v2,cerad_updated_2,,descriptive,Shore,,,,,,,"[cerad_wrdlst_v2]='1' and [ceradt_comp_trl1_v2]='1'",,,,,,
letter_1_v2,cerad_updated_2,,descriptive,Letter,,,,,,,"[cerad_wrdlst_v2]='1' and [ceradt_comp_trl1_v2]='1'",,,,,,
queen_1_v2,cerad_updated_2,,descriptive,Queen,,,,,,,"[cerad_wrdlst_v2]='1'  and [ceradt_comp_trl1_v2]='1'",,,,,,
cabin_1_v2,cerad_updated_2,,descriptive,Cabin,,,,,,,"[cerad_wrdlst_v2]='1'  and [ceradt_comp_trl1_v2]='1'",,,,,,
pole_1_v2,cerad_updated_2,,descriptive,Pole,,,,,,,"[cerad_wrdlst_v2]='1'  and [ceradt_comp_trl1_v2]='1'",,,,,,
tick_1_v2,cerad_updated_2,,descriptive,Ticket,,,,,,,"[cerad_wrdlst_v2]='1' and [ceradt_comp_trl1_v2]='1'",,,,,,
grass_1_v2,cerad_updated_2,,descriptive,Grass,,,,,,,"[cerad_wrdlst_v2]='1' and [ceradt_comp_trl1_v2]='1'",,,,,,
engine_1_v2,cerad_updated_2,,descriptive,Engine,,,,,,,"[cerad_wrdlst_v2]='1' and [ceradt_comp_trl1_v2]='1'",,,,,,
animal_1_v2,cerad_updated_2,,descriptive,Animal,,,,,,,"[cerad_wrdlst_v2]='2' and [ceradt_comp_trl1_v2]='1'",,,,,,
ocean_1_v2,cerad_updated_2,,descriptive,Ocean,,,,,,,"[cerad_wrdlst_v2]='2' and [ceradt_comp_trl1_v2]='1'",,,,,,
coin_1_v2,cerad_updated_2,,descriptive,Coin,,,,,,,"[cerad_wrdlst_v2]='2' and [ceradt_comp_trl1_v2]='1'",,,,,,
book_1_v2,cerad_updated_2,,descriptive,Book,,,,,,,"[cerad_wrdlst_v2]='2' and [ceradt_comp_trl1_v2]='1'",,,,,,
pal_1_v2,cerad_updated_2,,descriptive,Palace,,,,,,,"[cerad_wrdlst_v2]='2' and [ceradt_comp_trl1_v2]='1'",,,,,,
off_1_v2,cerad_updated_2,,descriptive,Officer,,,,,,,"[cerad_wrdlst_v2]='2' and [ceradt_comp_trl1_v2]='1'",,,,,,
party_1_v2,cerad_updated_2,,descriptive,Party,,,,,,,"[cerad_wrdlst_v2]='2' and [ceradt_comp_trl1_v2]='1'",,,,,,
boy_1_v2,cerad_updated_2,,descriptive,Boy,,,,,,,"[cerad_wrdlst_v2]='2' and [ceradt_comp_trl1_v2]='1'",,,,,,
camp_1_v2,cerad_updated_2,,descriptive,Camp,,,,,,,"[cerad_wrdlst_v2]='2' and [ceradt_comp_trl1_v2]='1'",,,,,,
rock_1_v2,cerad_updated_2,,descriptive,Rock,,,,,,,"[cerad_wrdlst_v2]='2' and [ceradt_comp_trl1_v2]='1'",,,,,,
cerad_mtrcl_1_1,cerad_updated_2,"<span style=""color: #236fa1;"">World List Memory Task (Trial 1) (if recalled, not which order they were in [1 to 10])</span>",radio,"{butter_1_v2} {animal_1_v2}","0, Did not say | 1, 1 | 2, 2 | 3, 3 | 4, 4 | 5, 5 | 6, 6 | 7, 7 | 8, 8 | 9, 9 | 10, 10 | 95, Cannot Read",,,,,,[ceradt_comp_trl1_v2]='1',y,,,cerad_mtrcl_1_mtx,,
cerad_mtrcl_2_1,cerad_updated_2,,radio,{arm_1_v2}{ocean_1_v2},"0, Did not say | 1, 1 | 2, 2 | 3, 3 | 4, 4 | 5, 5 | 6, 6 | 7, 7 | 8, 8 | 9, 9 | 10, 10 | 95, Cannot Read",,,,,,[ceradt_comp_trl1_v2]='1',y,,,cerad_mtrcl_1_mtx,,
cerad_mtrcl_3_1,cerad_updated_2,,radio,{shore_1_v2}{coin_1_v2},"0, Did not say | 1, 1 | 2, 2 | 3, 3 | 4, 4 | 5, 5 | 6, 6 | 7, 7 | 8, 8 | 9, 9 | 10, 10 | 95, Cannot Read",,,,,,[ceradt_comp_trl1_v2]='1',y,,,cerad_mtrcl_1_mtx,,
cerad_mtrcl_4_1,cerad_updated_2,,radio,{letter_1_v2}{book_1_v2},"0, Did not say | 1, 1 | 2, 2 | 3, 3 | 4, 4 | 5, 5 | 6, 6 | 7, 7 | 8, 8 | 9, 9 | 10, 10 | 95, Cannot Read",,,,,,[ceradt_comp_trl1_v2]='1',y,,,cerad_mtrcl_1_mtx,,
cerad_mtrcl_5_1,cerad_updated_2,,radio,{queen_1_v2}{pal_1_v2},"0, Did not say | 1, 1 | 2, 2 | 3, 3 | 4, 4 | 5, 5 | 6, 6 | 7, 7 | 8, 8 | 9, 9 | 10, 10 | 95, Cannot Read",,,,,,[ceradt_comp_trl1_v2]='1',y,,,cerad_mtrcl_1_mtx,,
cerad_mtrcl_6_1,cerad_updated_2,,radio,{cabin_1_v2}{off_1_v2},"0, Did not say | 1, 1 | 2, 2 | 3, 3 | 4, 4 | 5, 5 | 6, 6 | 7, 7 | 8, 8 | 9, 9 | 10, 10 | 95, Cannot Read",,,,,,[ceradt_comp_trl1_v2]='1',y,,,cerad_mtrcl_1_mtx,,
cerad_mtrcl_7_1,cerad_updated_2,,radio,{pole_1_v2}{party_1_v2},"0, Did not say | 1, 1 | 2, 2 | 3, 3 | 4, 4 | 5, 5 | 6, 6 | 7, 7 | 8, 8 | 9, 9 | 10, 10 | 95, Cannot Read",,,,,,[ceradt_comp_trl1_v2]='1',y,,,cerad_mtrcl_1_mtx,,
cerad_mtrcl_8_1,cerad_updated_2,,radio,{tick_1_v2}{boy_1_v2},"0, Did not say | 1, 1 | 2, 2 | 3, 3 | 4, 4 | 5, 5 | 6, 6 | 7, 7 | 8, 8 | 9, 9 | 10, 10 | 95, Cannot Read",,,,,,[ceradt_comp_trl1_v2]='1',y,,,cerad_mtrcl_1_mtx,,
cerad_mtrcl_9_1,cerad_updated_2,,radio,{grass_1_v2}{camp_1_v2},"0, Did not say | 1, 1 | 2, 2 | 3, 3 | 4, 4 | 5, 5 | 6, 6 | 7, 7 | 8, 8 | 9, 9 | 10, 10 | 95, Cannot Read",,,,,,[ceradt_comp_trl1_v2]='1',y,,,cerad_mtrcl_1_mtx,,
cerad_mtrcl_10_1,cerad_updated_2,,radio,{engine_1_v2}{rock_1_v2},"0, Did not say | 1, 1 | 2, 2 | 3, 3 | 4, 4 | 5, 5 | 6, 6 | 7, 7 | 8, 8 | 9, 9 | 10, 10 | 95, Cannot Read",,,,,,[ceradt_comp_trl1_v2]='1',y,,,cerad_mtrcl_1_mtx,,
int_1_trl_1_v2,cerad_updated_2,,text,"Intrusion 1, Trial 1",,,,,,,[ceradt_comp_trl1_v2]='1',,LV,,,,
int_2_trl_1_v2,cerad_updated_2,,text,"Intrusion 2, Trial 1",,,,,,,[ceradt_comp_trl1_v2]='1',,LV,,,,
int_3_trl_1_v2,cerad_updated_2,,text,"Intrusion 3, Trial 1",,,,,,,[ceradt_comp_trl1_v2]='1',,LV,,,,
int_4_trl_1_v2,cerad_updated_2,,text,"Intrusion 4, Trial 1",,,,,,,[ceradt_comp_trl1_v2]='1',,LV,,,,
int_5_trl_1_v2,cerad_updated_2,,text,"Intrusion 5, Trial 1",,,,,,,[ceradt_comp_trl1_v2]='1',,LV,,,,
int_6_trl_1_v2,cerad_updated_2,,text,"Intrusion 6, Trial 1",,,,,,,[ceradt_comp_trl1_v2]='1',,LV,,,,
cerad_trl_1_v2,cerad_updated_2,,descriptive,"<div class=""rich-text-field-label""><p><span style=""color: #236fa1;"">CERAD Trial: <span style=""background-color: var(--bs-body-bg);"">Intrusions</span></span></p> <table style=""border-collapse: collapse; width: 99.9314%; height: 151.167px;"" border=""1""> <tbody> <tr style=""height: 24.8611px;""> <td style=""width: 32.8998%; height: 24.8611px;"">Intrusion 1:</td> <td style=""width: 67.1184%; height: 24.8611px;"">{int_1_trl_1_v2}</td> </tr> <tr style=""height: 24.8611px;""> <td style=""width: 32.8998%; height: 24.8611px;"">Intrusion 2:</td> <td style=""width: 67.1184%; height: 24.8611px;"">{int_2_trl_1_v2}</td> </tr> <tr style=""height: 24.8611px;""> <td style=""width: 32.8998%; height: 24.8611px;"">Intrusion 3:</td> <td style=""width: 67.1184%; height: 24.8611px;"">{int_3_trl_1_v2}</td> </tr> <tr style=""height: 24.8611px;""> <td style=""width: 32.8998%; height: 24.8611px;"">Intrusion 4:</td> <td style=""width: 67.1184%; height: 24.8611px;"">{int_4_trl_1_v2}</td> </tr> <tr style=""height: 26.8611px;""> <td style=""width: 32.8998%; height: 26.8611px;"">Intrusion 5:</td> <td style=""width: 67.1184%; height: 26.8611px;"">{int_5_trl_1_v2}</td> </tr> <tr style=""height: 24.8611px;""> <td style=""width: 32.8998%; height: 24.8611px;"">Intrusion 6:</td> <td style=""width: 67.1184%; height: 24.8611px;"">{int_6_trl_1_v2}</td> </tr> </tbody> </table> <p> </p> <p> </p></div>",,,,,,,[ceradt_comp_trl1_v2]='1',,,,,,
arm_2_v2,cerad_updated_2,,descriptive,Arm,,,,,,,"[cerad_wrdlst_v2]='1' and [ceradt_comp_trl2_v2]='1'",,,,,,
butter_2_v2,cerad_updated_2,,descriptive,butter,,,,,,,"[ceradt_comp_trl2_v2]='1' and [cerad_wrdlst_v2]='1'",,,,,,
letter_2_v2,cerad_updated_2,,descriptive,Letter,,,,,,,"[cerad_wrdlst_v2]='1' and [ceradt_comp_trl2_v2]='1'",,,,,,
shore_2_v2,cerad_updated_2,,descriptive,Shore,,,,,,,"[cerad_wrdlst_v2]='1' and [ceradt_comp_trl1_v2]='1'",,,,,,
queen_2_v2,cerad_updated_2,,descriptive,Queen,,,,,,,"[cerad_wrdlst_v2]='1' and [ceradt_comp_trl2_v2]='1'",,,,,,
cabin_2_v2,cerad_updated_2,,descriptive,Cabin,,,,,,,"[cerad_wrdlst_v2]='1' and [ceradt_comp_trl2_v2]='1'",,,,,,
pole_2_v2,cerad_updated_2,,descriptive,Pole,,,,,,,"[cerad_wrdlst_v2]='1'  and [ceradt_comp_trl2_v2]='1'",,,,,,
tick_2_v2,cerad_updated_2,,descriptive,Ticket,,,,,,,"[cerad_wrdlst_v2]='1' and [ceradt_comp_trl2_v2]='1'",,,,,,
grass_2_v2,cerad_updated_2,,descriptive,Grass,,,,,,,"[cerad_wrdlst_v2]='1' and [ceradt_comp_trl2_v2]='1'",,,,,,
engine_2_v2,cerad_updated_2,,descriptive,Engine,,,,,,,"[cerad_wrdlst_v2]='1' and [ceradt_comp_trl2_v2]='1'",,,,,,
animal_2_v2,cerad_updated_2,,descriptive,Animal,,,,,,,"[cerad_wrdlst_v2]='2' and [ceradt_comp_trl2_v2]='1'",,,,,,
ocean_2_v2,cerad_updated_2,,descriptive,Ocean,,,,,,,"[cerad_wrdlst_v2]='2' and [ceradt_comp_trl2_v2]='1'",,,,,,
coin_2_v2,cerad_updated_2,,descriptive,Coin,,,,,,,"[cerad_wrdlst_v2]='2' and [ceradt_comp_trl2_v2]='1'",,,,,,
book_2_v2,cerad_updated_2,,descriptive,Book,,,,,,,"[cerad_wrdlst_v2]='2' and [ceradt_comp_trl2_v2]='1'",,,,,,
pal_2_v2,cerad_updated_2,,descriptive,Palace,,,,,,,"[cerad_wrdlst_v2]='2' and [ceradt_comp_trl2_v2]='1'",,,,,,
off_2_v2,cerad_updated_2,,descriptive,Officer,,,,,,,"[cerad_wrdlst_v2]='2' and [ceradt_comp_trl2_v2]='1'",,,,,,
party_2_v2,cerad_updated_2,,descriptive,Party,,,,,,,"[cerad_wrdlst_v2]='2' and [ceradt_comp_trl2_v2]='1'",,,,,,
boy_2_v2,cerad_updated_2,,descriptive,Boy,,,,,,,"[cerad_wrdlst_v2]='2' and [ceradt_comp_trl2_v2]='1'",,,,,,
camp_2_v2,cerad_updated_2,,descriptive,Camp,,,,,,,"[cerad_wrdlst_v2]='2' and [ceradt_comp_trl2_v2]='1'",,,,,,
rock_2_v2,cerad_updated_2,,descriptive,Rock,,,,,,,"[cerad_wrdlst_v2]='2' and [ceradt_comp_trl2_v2]='1'",,,,,,
cerad_mtrcl_1_2,cerad_updated_2,"<span style=""color: #236fa1;"">World List Memory Task (Trial 2) (if recalled, not which order they were in [1 to 10])</span>",radio,{tick_2_v2}{pal_2_v2},"0, Did not say | 1, 1 | 2, 2 | 3, 3 | 4, 4 | 5, 5 | 6, 6 | 7, 7 | 8, 8 | 9, 9 | 10, 10 | 95, Cannot Read",,,,,,[ceradt_comp_trl2_v2]='1',,,,cerad_mtrcl_mtx_2,,
cerad_mtrcl_2_2,cerad_updated_2,,radio,{cabin_2_v2}{animal_2_v2},"0, Did not say | 1, 1 | 2, 2 | 3, 3 | 4, 4 | 5, 5 | 6, 6 | 7, 7 | 8, 8 | 9, 9 | 10, 10 | 95, Cannot Read",,,,,,[ceradt_comp_trl2_v2]='1',,,,cerad_mtrcl_mtx_2,,
cerad_mtrcl_3_2,cerad_updated_2,,radio,{butter_2_v2}{rock_2_v2},"0, Did not say | 1, 1 | 2, 2 | 3, 3 | 4, 4 | 5, 5 | 6, 6 | 7, 7 | 8, 8 | 9, 9 | 10, 10 | 95, Cannot Read",,,,,,[ceradt_comp_trl2_v2]='1',,,,cerad_mtrcl_mtx_2,,
cerad_mtrcl_4_2,cerad_updated_2,,radio,{shore_2_v2}{camp_2_v2},"0, Did not say | 1, 1 | 2, 2 | 3, 3 | 4, 4 | 5, 5 | 6, 6 | 7, 7 | 8, 8 | 9, 9 | 10, 10 | 95, Cannot Read",,,,,,[ceradt_comp_trl2_v2]='1',,,,cerad_mtrcl_mtx_2,,
cerad_mtrcl_5_2,cerad_updated_2,,radio,{engine_2_v2}{off_2_v2},"0, Did not say | 1, 1 | 2, 2 | 3, 3 | 4, 4 | 5, 5 | 6, 6 | 7, 7 | 8, 8 | 9, 9 | 10, 10 | 95, Cannot Read",,,,,,[ceradt_comp_trl2_v2]='1',,,,cerad_mtrcl_mtx_2,,
cerad_mtrcl_6_2,cerad_updated_2,,radio,{arm_2_v2}{ocean_2_v2},"0, Did not say | 1, 1 | 2, 2 | 3, 3 | 4, 4 | 5, 5 | 6, 6 | 7, 7 | 8, 8 | 9, 9 | 10, 10 | 95, Cannot Read",,,,,,[ceradt_comp_trl2_v2]='1',,,,cerad_mtrcl_mtx_2,,
cerad_mtrcl_7_2,cerad_updated_2,,radio,{queen_2_v2}{book_2_v2},"0, Did not say | 1, 1 | 2, 2 | 3, 3 | 4, 4 | 5, 5 | 6, 6 | 7, 7 | 8, 8 | 9, 9 | 10, 10 | 95, Cannot Read",,,,,,[ceradt_comp_trl2_v2]='1',,,,cerad_mtrcl_mtx_2,,
cerad_mtrcl_8_2,cerad_updated_2,,radio,{letter_2_v2}{party_2_v2},"0, Did not say | 1, 1 | 2, 2 | 3, 3 | 4, 4 | 5, 5 | 6, 6 | 7, 7 | 8, 8 | 9, 9 | 10, 10 | 95, Cannot Read",,,,,,[ceradt_comp_trl2_v2]='1',,,,cerad_mtrcl_mtx_2,,
cerad_mtrcl_9_2,cerad_updated_2,,radio,{pole_2_v2}{coin_2_v2},"0, Did not say | 1, 1 | 2, 2 | 3, 3 | 4, 4 | 5, 5 | 6, 6 | 7, 7 | 8, 8 | 9, 9 | 10, 10 | 95, Cannot Read",,,,,,[ceradt_comp_trl2_v2]='1',,,,cerad_mtrcl_mtx_2,,
cerad_mtrcl_10_2,cerad_updated_2,,radio,{grass_2_v2}{boy_2_v2},"0, Did not say | 1, 1 | 2, 2 | 3, 3 | 4, 4 | 5, 5 | 6, 6 | 7, 7 | 8, 8 | 9, 9 | 10, 10 | 95, Cannot Read",,,,,,[ceradt_comp_trl2_v2]='1',,,,cerad_mtrcl_mtx_2,,
int_1_trl_2_v2,cerad_updated_2,,text,"Intrusion 1, Trial 2",,,,,,,[ceradt_comp_trl2_v2]='1',,LV,,,,
int_2_trl_2_v2,cerad_updated_2,,text,"Intrusion 2, Trial 2",,,,,,,[ceradt_comp_trl2_v2]='1',,LV,,,,
int_3_trl_2_v2,cerad_updated_2,,text,"Intrusion 3, Trial 2",,,,,,,[ceradt_comp_trl2_v2]='1',,LV,,,,
int_4_trl_2_v2,cerad_updated_2,,text,"Intrusion 4, Trial 2",,,,,,,[ceradt_comp_trl2_v2]='1',,LV,,,,
int_5_trl_2_v2,cerad_updated_2,,text,"Intrusion 5, Trial 2",,,,,,,[ceradt_comp_trl2_v2]='1',,LV,,,,
int_6_trl_2_v2,cerad_updated_2,,text,"Intrusion 6, Trial 2",,,,,,,[ceradt_comp_trl2_v2]='1',,LV,,,,
cerad_trl_2_v2,cerad_updated_2,,descriptive,"<div class=""rich-text-field-label""><p><span style=""color: #236fa1;"">CERAD Trial 2: <span style=""background-color: var(--bs-body-bg);"">Intrusions</span></span></p> <table style=""border-collapse: collapse; width: 99.9314%; height: 151.167px;"" border=""1""> <tbody> <tr style=""height: 24.8611px;""> <td style=""width: 32.8998%; height: 24.8611px;"">Intrusion 1:</td> <td style=""width: 67.1184%; height: 24.8611px;"">{int_1_trl_2_v2}</td> </tr> <tr style=""height: 24.8611px;""> <td style=""width: 32.8998%; height: 24.8611px;"">Intrusion 2:</td> <td style=""width: 67.1184%; height: 24.8611px;"">{int_2_trl_2_v2}</td> </tr> <tr style=""height: 24.8611px;""> <td style=""width: 32.8998%; height: 24.8611px;"">Intrusion 3:</td> <td style=""width: 67.1184%; height: 24.8611px;"">{int_3_trl_2_v2}</td> </tr> <tr style=""height: 24.8611px;""> <td style=""width: 32.8998%; height: 24.8611px;"">Intrusion 4:</td> <td style=""width: 67.1184%; height: 24.8611px;"">{int_4_trl_2_v2}</td> </tr> <tr style=""height: 26.8611px;""> <td style=""width: 32.8998%; height: 26.8611px;"">Intrusion 5:</td> <td style=""width: 67.1184%; height: 26.8611px;"">{int_5_trl_2_v2}</td> </tr> <tr style=""height: 24.8611px;""> <td style=""width: 32.8998%; height: 24.8611px;"">Intrusion 6:</td> <td style=""width: 67.1184%; height: 24.8611px;"">{int_6_trl_2_v2}</td> </tr> </tbody> </table> <p> </p> <p> </p></div>",,,,,,,[ceradt_comp_trl2_v2]='1',,,,,,
butter_3_v2,cerad_updated_2,"<div class=""rich-text-field-label""><p><span style=""color: #236fa1;"">TRIAL 3</span></p></div>",descriptive,butter,,,,,,,"[cerad_wrdlst_v2]='1' and [ceradt_comp_trl3_v2]='1'",,,,,,
arm_3_v2,cerad_updated_2,,descriptive,Arm,,,,,,,"[cerad_wrdlst_v2]='1' and [ceradt_comp_trl3_v2]='1'",,,,,,
shore_3_v2,cerad_updated_2,,descriptive,Shore,,,,,,,"[cerad_wrdlst_v2]='1' and [ceradt_comp_trl3_v2]='1'",,,,,,
letter_3_v2,cerad_updated_2,,descriptive,Letter,,,,,,,"[cerad_wrdlst_v2]='1' and [ceradt_comp_trl3_v2]='1'",,,,,,
queen_3_v2,cerad_updated_2,,descriptive,Queen,,,,,,,"[cerad_wrdlst_v2]='1' and [ceradt_comp_trl3_v2]='1'",,,,,,
cabin_3_v2,cerad_updated_2,,descriptive,Cabin,,,,,,,"[cerad_wrdlst_v2]='1' and [ceradt_comp_trl3_v2]='1'",,,,,,
pole_3_v2,cerad_updated_2,,descriptive,Pole,,,,,,,"[cerad_wrdlst_v2]='1' and [ceradt_comp_trl3_v2]='1'",,,,,,
tick_3_v2,cerad_updated_2,,descriptive,Ticket,,,,,,,"[cerad_wrdlst_v2]='1' and [ceradt_comp_trl3_v2]='1'",,,,,,
grass_3_v2,cerad_updated_2,,descriptive,Grass,,,,,,,"[cerad_wrdlst_v2]='1' and [ceradt_comp_trl3_v2]='1'",,,,,,
engine_3_v2,cerad_updated_2,,descriptive,Engine,,,,,,,"[cerad_wrdlst_v2]='1' and [ceradt_comp_trl3_v2]='1'",,,,,,
animal_3_v2,cerad_updated_2,,descriptive,Animal,,,,,,,"[cerad_wrdlst_v2]='2' and [ceradt_comp_trl3_v2]='1'",,,,,,
ocean_3_v2,cerad_updated_2,,descriptive,Ocean,,,,,,,"[cerad_wrdlst_v2]='2' and [ceradt_comp_trl3_v2]='1'",,,,,,
coin_3_v2,cerad_updated_2,,descriptive,Coin,,,,,,,"[cerad_wrdlst_v2]='2' and [ceradt_comp_trl3_v2]='1'",,,,,,
book_3_v2,cerad_updated_2,,descriptive,Book,,,,,,,"[cerad_wrdlst_v2]='2' and [ceradt_comp_trl3_v2]='1'",,,,,,
pal_3_v2,cerad_updated_2,,descriptive,Palace,,,,,,,"[cerad_wrdlst_v2]='2' and [ceradt_comp_trl3_v2]='1'",,,,,,
off_3_v2,cerad_updated_2,,descriptive,Officer,,,,,,,"[cerad_wrdlst_v2]='2' and [ceradt_comp_trl3_v2]='1'",,,,,,
party_3_v2,cerad_updated_2,,descriptive,Party,,,,,,,"[cerad_wrdlst_v2]='2' and [ceradt_comp_trl3_v2]='1'",,,,,,
boy_3_v2,cerad_updated_2,,descriptive,Boy,,,,,,,"[cerad_wrdlst_v2]='2' and [ceradt_comp_trl3_v2]='1'",,,,,,
camp_3_v2,cerad_updated_2,,descriptive,Camp,,,,,,,"[cerad_wrdlst_v2]='2' and [ceradt_comp_trl3_v2]='1'",,,,,,
rock_3_v2,cerad_updated_2,,descriptive,Rock,,,,,,,"[cerad_wrdlst_v2]='2' and [ceradt_comp_trl3_v2]='1'",,,,,,
cerad_mtrcl_1_3,cerad_updated_2,"<span style=""color: #236fa1;"">World List Memory Task (Trial 2) (if recalled, not which order they were in [1 to 10])</span>",radio,{queen_3_v2}{off_3_v2},"0, Did not say | 1, 1 | 2, 2 | 3, 3 | 4, 4 | 5, 5 | 6, 6 | 7, 7 | 8, 8 | 9, 9 | 10, 10 | 95, Cannot Read",,,,,,[ceradt_comp_trl3_v2]='1',y,,,cerad_mtx_3,,
cerad_mtrcl_2_3,cerad_updated_2,,radio,{grass_3_v2}{party_3_v2},"0, Did not say | 1, 1 | 2, 2 | 3, 3 | 4, 4 | 5, 5 | 6, 6 | 7, 7 | 8, 8 | 9, 9 | 10, 10 | 95, Cannot Read",,,,,,[ceradt_comp_trl3_v2]='1',y,,,cerad_mtx_3,,
cerad_mtrcl_3_3,cerad_updated_2,,radio,{arm_3_v2}{pal_3_v2},"0, Did not say | 1, 1 | 2, 2 | 3, 3 | 4, 4 | 5, 5 | 6, 6 | 7, 7 | 8, 8 | 9, 9 | 10, 10 | 95, Cannot Read",,,,,,[ceradt_comp_trl3_v2]='1',y,,,cerad_mtx_3,,
cerad_mtrcl_4_3,cerad_updated_2,,radio,{cabin_3_v2}{ocean_3_v2},"0, Did not say | 1, 1 | 2, 2 | 3, 3 | 4, 4 | 5, 5 | 6, 6 | 7, 7 | 8, 8 | 9, 9 | 10, 10 | 95, Cannot Read",,,,,,[ceradt_comp_trl3_v2]='1',y,,,cerad_mtx_3,,
cerad_mtrcl_5_3,cerad_updated_2,,radio,{pole_3_v2}{book_3_v2},"0, Did not say | 1, 1 | 2, 2 | 3, 3 | 4, 4 | 5, 5 | 6, 6 | 7, 7 | 8, 8 | 9, 9 | 10, 10 | 95, Cannot Read",,,,,,[ceradt_comp_trl3_v2]='1',y,,,cerad_mtx_3,,
cerad_mtrcl_6_3,cerad_updated_2,,radio,{shore_3_v2}{coin_3_v2},"0, Did not say | 1, 1 | 2, 2 | 3, 3 | 4, 4 | 5, 5 | 6, 6 | 7, 7 | 8, 8 | 9, 9 | 10, 10 | 95, Cannot Read",,,,,,[ceradt_comp_trl3_v2]='1',y,,,cerad_mtx_3,,
cerad_mtrcl_7_3,cerad_updated_2,,radio,{butter_3_v2}{animal_3_v2},"0, Did not say | 1, 1 | 2, 2 | 3, 3 | 4, 4 | 5, 5 | 6, 6 | 7, 7 | 8, 8 | 9, 9 | 10, 10 | 95, Cannot Read",,,,,,[ceradt_comp_trl3_v2]='1',y,,,cerad_mtx_3,,
cerad_mtrcl_8_3,cerad_updated_2,,radio,{engine_3_v2}{rock_3_v2},"0, Did not say | 1, 1 | 2, 2 | 3, 3 | 4, 4 | 5, 5 | 6, 6 | 7, 7 | 8, 8 | 9, 9 | 10, 10 | 95, Cannot Read",,,,,,[ceradt_comp_trl3_v2]='1',y,,,cerad_mtx_3,,
cerad_mtrcl_9_3,cerad_updated_2,,radio,{tick_3_v2}{boy_3_v2},"0, Did not say | 1, 1 | 2, 2 | 3, 3 | 4, 4 | 5, 5 | 6, 6 | 7, 7 | 8, 8 | 9, 9 | 10, 10 | 95, Cannot Read",,,,,,[ceradt_comp_trl3_v2]='1',y,,,cerad_mtx_3,,
cerad_mtrcl_10_3,cerad_updated_2,,radio,{letter_3_v2}{camp_3_v2},"0, Did not say | 1, 1 | 2, 2 | 3, 3 | 4, 4 | 5, 5 | 6, 6 | 7, 7 | 8, 8 | 9, 9 | 10, 10 | 95, Cannot Read",,,,,,[ceradt_comp_trl3_v2]='1',y,,,cerad_mtx_3,,
int_1_trl_3_v2,cerad_updated_2,,text,"Intrusion 1, Trial 3",,,,,,,[ceradt_comp_trl3_v2]='1',,LV,,,,
int_2_trl_3_v2,cerad_updated_2,,text,"Intrusion 2, Trial 3",,,,,,,[ceradt_comp_trl3_v2]='1',,LV,,,,
int_3_trl_3_v2,cerad_updated_2,,text,"Intrusion 3, Trial 3",,,,,,,[ceradt_comp_trl3_v2]='1',,LV,,,,
int_4_trl_3_v2,cerad_updated_2,,text,"Intrusion 4, Trial 3",,,,,,,[ceradt_comp_trl3_v2]='1',,LV,,,,
int_5_trl_3_v2,cerad_updated_2,,text,"Intrusion 5, Trial 3",,,,,,,[ceradt_comp_trl3_v2]='1',,LV,,,,
int_6_trl_3_v2,cerad_updated_2,,text,"Intrusion 6, Trial 3",,,,,,,[ceradt_comp_trl3_v2]='1',,LV,,,,
cerad_trl_3_v2,cerad_updated_2,,descriptive,"<div class=""rich-text-field-label""><p><span style=""color: #236fa1;"">CERAD Trial 3: Intrusions</span></p> <table style=""border-collapse: collapse; width: 99.9314%; height: 149.167px;"" border=""1""> <tbody> <tr style=""height: 24.8611px;""> <td style=""width: 32.8998%; height: 24.8611px;"">Intrusion 1:</td> <td style=""width: 67.1184%; height: 24.8611px;"">{int_1_trl_3_v2}</td> </tr> <tr style=""height: 24.8611px;""> <td style=""width: 32.8998%; height: 24.8611px;"">Intrusion 2:</td> <td style=""width: 67.1184%; height: 24.8611px;"">{int_2_trl_3_v2}</td> </tr> <tr style=""height: 24.8611px;""> <td style=""width: 32.8998%; height: 24.8611px;"">Intrusion 3:</td> <td style=""width: 67.1184%; height: 24.8611px;"">{int_3_trl_3_v2}</td> </tr> <tr style=""height: 24.8611px;""> <td style=""width: 32.8998%; height: 24.8611px;"">Intrusion 4:</td> <td style=""width: 67.1184%; height: 24.8611px;"">{int_4_trl_3_v2}</td> </tr> <tr style=""height: 24.8611px;""> <td style=""width: 32.8998%; height: 24.8611px;"">Intrusion 5:</td> <td style=""width: 67.1184%; height: 24.8611px;"">{int_5_trl_3_v2}</td> </tr> <tr style=""height: 24.8611px;""> <td style=""width: 32.8998%; height: 24.8611px;"">Intrusion 6:</td> <td style=""width: 67.1184%; height: 24.8611px;"">{int_6_trl_3_v2}</td> </tr> </tbody> </table> <p> </p> <p> </p></div>",,,,,,,[ceradt_comp_trl3_v2]='1',,,,,,
butter_4_v2,cerad_updated_2,"Word List Recall",descriptive,butter,,,,,,,"[cerad_wrdlst_v2]='1' and [ceradt_comp_trl4_v2]='1'",,,,,,
arm_4_v2,cerad_updated_2,,descriptive,Arm,,,,,,,"[cerad_wrdlst_v2]='1' and [ceradt_comp_trl4_v2]='1'",,,,,,
shore_4_v2,cerad_updated_2,,descriptive,Shore,,,,,,,"[cerad_wrdlst_v2]='1' and [ceradt_comp_trl4_v2]='1'",,,,,,
letter_4_v2,cerad_updated_2,,descriptive,Letter,,,,,,,"[cerad_wrdlst_v2]='1' and [ceradt_comp_trl4_v2]='1'",,,,,,
queen_4_v2,cerad_updated_2,,descriptive,Queen,,,,,,,"[cerad_wrdlst_v2]='1' and [ceradt_comp_trl4_v2]='1'",,,,,,
cabin_4_v2,cerad_updated_2,,descriptive,Cabin,,,,,,,"[cerad_wrdlst_v2]='1' and [ceradt_comp_trl4_v2]='1'",,,,,,
pole_4_v2,cerad_updated_2,,descriptive,Pole,,,,,,,"[cerad_wrdlst_v2]='1' and [ceradt_comp_trl4_v2]='1'",,,,,,
tick_4_v2,cerad_updated_2,,descriptive,Ticket,,,,,,,"[cerad_wrdlst_v2]='1' and [ceradt_comp_trl4_v2]='1'",,,,,,
grass_4_v2,cerad_updated_2,,descriptive,Grass,,,,,,,"[cerad_wrdlst_v2]='1' and [ceradt_comp_trl4_v2]='1'",,,,,,
engine_4_v2,cerad_updated_2,,descriptive,Engine,,,,,,,"[cerad_wrdlst_v2]='1' and [ceradt_comp_trl4_v2]='1'",,,,,,
animal_4_v2,cerad_updated_2,,descriptive,Animal,,,,,,,"[cerad_wrdlst_v2]='2' and [ceradt_comp_trl4_v2]='1'",,,,,,
ocean_4_v2,cerad_updated_2,,descriptive,Ocean,,,,,,,"[cerad_wrdlst_v2]='2' and [ceradt_comp_trl4_v2]='1'",,,,,,
coin_4_v2,cerad_updated_2,,descriptive,Coin,,,,,,,"[cerad_wrdlst_v2]='2' and [ceradt_comp_trl4_v2]='1'",,,,,,
book_4_v2,cerad_updated_2,,descriptive,Book,,,,,,,"[cerad_wrdlst_v2]='2' and [ceradt_comp_trl4_v2]='1'",,,,,,
pal_4_v2,cerad_updated_2,,descriptive,Palace,,,,,,,"[cerad_wrdlst_v2]='2' and [ceradt_comp_trl4_v2]='1'",,,,,,
off_4_v2,cerad_updated_2,,descriptive,Officer,,,,,,,"[cerad_wrdlst_v2]='2' and [ceradt_comp_trl4_v2]='1'",,,,,,
party_4_v2,cerad_updated_2,,descriptive,Party,,,,,,,"[cerad_wrdlst_v2]='2' and [ceradt_comp_trl4_v2]='1'",,,,,,
boy_4_v2,cerad_updated_2,,descriptive,Boy,,,,,,,"[cerad_wrdlst_v2]='2' and [ceradt_comp_trl4_v2]='1'",,,,,,
camp_4_v2,cerad_updated_2,,descriptive,Camp,,,,,,,"[cerad_wrdlst_v2]='2' and [ceradt_comp_trl4_v2]='1'",,,,,,
rock_4_v2,cerad_updated_2,,descriptive,Rock,,,,,,,"[cerad_wrdlst_v2]='2' and [ceradt_comp_trl4_v2]='1'",,,,,,
cerad_wlr_1_4,cerad_updated_2,"<span style=""color: #236fa1;"">World List Recall</span>
(if recalled, not which order they were in [1 to 10])",radio,{butter_4_v2}{animal_4_v2},"0, Did not say | 1, 1 | 2, 2 | 3, 3 | 4, 4 | 5, 5 | 6, 6 | 7, 7 | 8, 8 | 9, 9 | 10, 10 | 95, Cannot Read",,,,,,[ceradt_comp_trl4_v2]='1',y,,,cearad_wlr_mtx,,
cerad_wlr_2_4,cerad_updated_2,,radio,{arm_4_v2}{ocean_4_v2},"0, Did not say | 1, 1 | 2, 2 | 3, 3 | 4, 4 | 5, 5 | 6, 6 | 7, 7 | 8, 8 | 9, 9 | 10, 10 | 95, Cannot Read",,,,,,[ceradt_comp_trl4_v2]='1',y,,,cearad_wlr_mtx,,
cerad_wlr_3_4,cerad_updated_2,,radio,{shore_4_v2}{coin_4_v2},"0, Did not say | 1, 1 | 2, 2 | 3, 3 | 4, 4 | 5, 5 | 6, 6 | 7, 7 | 8, 8 | 9, 9 | 10, 10 | 95, Cannot Read",,,,,,[ceradt_comp_trl4_v2]='1',y,,,cearad_wlr_mtx,,
cerad_wlr_4_4,cerad_updated_2,,radio,{letter_4_v2}{book_4_v2},"0, Did not say | 1, 1 | 2, 2 | 3, 3 | 4, 4 | 5, 5 | 6, 6 | 7, 7 | 8, 8 | 9, 9 | 10, 10 | 95, Cannot Read",,,,,,[ceradt_comp_trl4_v2]='1',y,,,cearad_wlr_mtx,,
cerad_wlr_5_4,cerad_updated_2,,radio,{queen_4_v2}{pal_4_v2},"0, Did not say | 1, 1 | 2, 2 | 3, 3 | 4, 4 | 5, 5 | 6, 6 | 7, 7 | 8, 8 | 9, 9 | 10, 10 | 95, Cannot Read",,,,,,[ceradt_comp_trl4_v2]='1',y,,,cearad_wlr_mtx,,
cerad_wlr_6_4,cerad_updated_2,,radio,{cabin_4_v2}{off_4_v2},"0, Did not say | 1, 1 | 2, 2 | 3, 3 | 4, 4 | 5, 5 | 6, 6 | 7, 7 | 8, 8 | 9, 9 | 10, 10 | 95, Cannot Read",,,,,,[ceradt_comp_trl4_v2]='1',y,,,cearad_wlr_mtx,,
cerad_wlr_7_4,cerad_updated_2,,radio,{pole_4_v2}{party_4_v2},"0, Did not say | 1, 1 | 2, 2 | 3, 3 | 4, 4 | 5, 5 | 6, 6 | 7, 7 | 8, 8 | 9, 9 | 10, 10 | 95, Cannot Read",,,,,,[ceradt_comp_trl4_v2]='1',y,,,cearad_wlr_mtx,,
cerad_wlr_8_4,cerad_updated_2,,radio,{tick_4_v2}{boy_4_v2},"0, Did not say | 1, 1 | 2, 2 | 3, 3 | 4, 4 | 5, 5 | 6, 6 | 7, 7 | 8, 8 | 9, 9 | 10, 10 | 95, Cannot Read",,,,,,[ceradt_comp_trl4_v2]='1',y,,,cearad_wlr_mtx,,
cerad_wlr_9_4,cerad_updated_2,,radio,{grass_4_v2}{camp_4_v2},"0, Did not say | 1, 1 | 2, 2 | 3, 3 | 4, 4 | 5, 5 | 6, 6 | 7, 7 | 8, 8 | 9, 9 | 10, 10 | 95, Cannot Read",,,,,,[ceradt_comp_trl4_v2]='1',y,,,cearad_wlr_mtx,,
cerad_wlr_10_4,cerad_updated_2,,radio,{engine_4_v2}{rock_4_v2},"0, Did not say | 1, 1 | 2, 2 | 3, 3 | 4, 4 | 5, 5 | 6, 6 | 7, 7 | 8, 8 | 9, 9 | 10, 10 | 95, Cannot Read",,,,,,[ceradt_comp_trl4_v2]='1',y,,,cearad_wlr_mtx,,
int_1_trl_4_v2,cerad_updated_2,,text,"Intrusion 1, Recall",,,,,,,[ceradt_comp_trl4_v2]='1',,LV,,,,
int_2_trl_4_v2,cerad_updated_2,,text,"Intrusion 2, Recall",,,,,,,[ceradt_comp_trl4_v2]='1',,LV,,,,
int_3_trl_4_v2,cerad_updated_2,,text,"Intrusion 3, Recall",,,,,,,[ceradt_comp_trl4_v2]='1',,LV,,,,
int_4_trl_4_v2,cerad_updated_2,,text,"Intrusion 4, Recall",,,,,,,[ceradt_comp_trl4_v2]='1',,LV,,,,
int_5_trl_4_v2,cerad_updated_2,,text,"Intrusion 5, Recall",,,,,,,[ceradt_comp_trl4_v2]='1',,LV,,,,
int_6_trl_4_v2,cerad_updated_2,,text,"Intrusion 6, Recall",,,,,,,[ceradt_comp_trl4_v2]='1',,LV,,,,
cerad_wlr_4_v2,cerad_updated_2,,descriptive,"<div class=""rich-text-field-label""><p><span style=""color: #236fa1;"">Word List Recall: <span style=""background-color: var(--bs-body-bg);"">Intrusions</span></span></p> <table style=""border-collapse: collapse; width: 99.9314%; height: 149.167px;"" border=""1""> <tbody> <tr style=""height: 24.8611px;""> <td style=""width: 32.8998%; height: 24.8611px;"">Intrusion 1:</td> <td style=""width: 67.1184%; height: 24.8611px;"">{int_1_trl_4_v2}</td> </tr> <tr style=""height: 24.8611px;""> <td style=""width: 32.8998%; height: 24.8611px;"">Intrusion 2:</td> <td style=""width: 67.1184%; height: 24.8611px;"">{int_2_trl_4_v2}</td> </tr> <tr style=""height: 24.8611px;""> <td style=""width: 32.8998%; height: 24.8611px;"">Intrusion 3:</td> <td style=""width: 67.1184%; height: 24.8611px;"">{int_3_trl_4_v2}</td> </tr> <tr style=""height: 24.8611px;""> <td style=""width: 32.8998%; height: 24.8611px;"">Intrusion 4:</td> <td style=""width: 67.1184%; height: 24.8611px;"">{int_4_trl_4_v2}</td> </tr> <tr style=""height: 24.8611px;""> <td style=""width: 32.8998%; height: 24.8611px;"">Intrusion 5:</td> <td style=""width: 67.1184%; height: 24.8611px;"">{int_5_trl_4_v2}</td> </tr> <tr style=""height: 24.8611px;""> <td style=""width: 32.8998%; height: 24.8611px;"">Intrusion 6:</td> <td style=""width: 67.1184%; height: 24.8611px;"">{int_6_trl_4_v2}</td> </tr> </tbody> </table> <p> </p></div>",,,,,,,[ceradt_comp_trl4_v2]='1',,,,,,
butter_5_v2,cerad_updated_2,"Word List Recognition",descriptive,butter,,,,,,,"[cerad_wrdlst_v2]='1' and [ceradt_comp_trl5_v2]='1'",,,,,,
arm_5_v2,cerad_updated_2,,descriptive,Arm,,,,,,,"[cerad_wrdlst_v2]='1' and [ceradt_comp_trl5_v2]='1'",,,,,,
shore_5_v2,cerad_updated_2,,descriptive,Shore,,,,,,,"[cerad_wrdlst_v2]='1' and [ceradt_comp_trl5_v2]='1'",,,,,,
letter_5_v2,cerad_updated_2,,descriptive,Letter,,,,,,,"[cerad_wrdlst_v2]='1' and [ceradt_comp_trl5_v2]='1'",,,,,,
queen_5_v2,cerad_updated_2,,descriptive,Queen,,,,,,,"[cerad_wrdlst_v2]='1' and [ceradt_comp_trl5_v2]='1'",,,,,,
cabin_5_v2,cerad_updated_2,,descriptive,Cabin,,,,,,,"[cerad_wrdlst_v2]='1' and [ceradt_comp_trl5_v2]='1'",,,,,,
pole_5_v2,cerad_updated_2,,descriptive,Pole,,,,,,,"[cerad_wrdlst_v2]='1' and [ceradt_comp_trl5_v2]='1'",,,,,,
tick_5_v2,cerad_updated_2,,descriptive,Ticket,,,,,,,"[cerad_wrdlst_v2]='1' and [ceradt_comp_trl5_v2]='1'",,,,,,
grass_5_v2,cerad_updated_2,,descriptive,Grass,,,,,,,"[cerad_wrdlst_v2]='1' and [ceradt_comp_trl5_v2]='1'",,,,,,
engine_5_v2,cerad_updated_2,,descriptive,Engine,,,,,,,"[cerad_wrdlst_v2]='1' and [ceradt_comp_trl5_v2]='1'",,,,,,
animal_5_v2,cerad_updated_2,,descriptive,Animal,,,,,,,"[cerad_wrdlst_v2]='2' and [ceradt_comp_trl5_v2]='1'",,,,,,
ocean_5_v2,cerad_updated_2,,descriptive,Ocean,,,,,,,"[cerad_wrdlst_v2]='2' and [ceradt_comp_trl5_v2]='1'",,,,,,
coin_5_v2,cerad_updated_2,,descriptive,Coin,,,,,,,"[cerad_wrdlst_v2]='2' and [ceradt_comp_trl5_v2]='1'",,,,,,
pal_5_v2,cerad_updated_2,,descriptive,Palace,,,,,,,"[cerad_wrdlst_v2]='2' and [ceradt_comp_trl5_v2]='1'",,,,,,
off_5_v2,cerad_updated_2,,descriptive,Officer,,,,,,,"[cerad_wrdlst_v2]='2' and [ceradt_comp_trl5_v2]='1'",,,,,,
party_5_v2,cerad_updated_2,,descriptive,Party,,,,,,,"[cerad_wrdlst_v2]='2' and [ceradt_comp_trl5_v2]='1'",,,,,,
boy_5_v2,cerad_updated_2,,descriptive,Boy,,,,,,,"[cerad_wrdlst_v2]='2' and [ceradt_comp_trl5_v2]='1'",,,,,,
camp_5_v2,cerad_updated_2,,descriptive,Camp,,,,,,,"[cerad_wrdlst_v2]='2' and [ceradt_comp_trl5_v2]='1'",,,,,,
rock_5_v2,cerad_updated_2,,descriptive,Rock,,,,,,,"[cerad_wrdlst_v2]='2' and [ceradt_comp_trl5_v2]='1'",,,,,,
book_5_v2,cerad_updated_2,,descriptive,Book,,,,,,,"[cerad_wrdlst_v2]='2' and [ceradt_comp_trl5_v2]='1'",,,,,,
recgnz_1_v2,cerad_updated_2,,radio,"Item 1 Recognition","0, Yes | 1, No",,,,,,[ceradt_comp_trl5_v2]='1',,LV,,,,
recgnz_2_v2,cerad_updated_2,,radio,"Item 2 Recognition","0, Yes | 1, No",,,,,,[ceradt_comp_trl5_v2]='1',,LV,,,,
recgnz_3_v2,cerad_updated_2,,radio,"Item 3 Recognition","1, Yes | 0, No",,,,,,[ceradt_comp_trl5_v2]='1',,LV,,,,
recgnz_4_v2,cerad_updated_2,,radio,"Item 4 Recognition","0, Yes | 1, No",,,,,,[ceradt_comp_trl5_v2]='1',,LV,,,,
recgnz_5_v2,cerad_updated_2,,radio,"Item 5 Recognition","1, Yes | 0, No",,,,,,[ceradt_comp_trl5_v2]='1',,LV,,,,
recgnz_6_v2,cerad_updated_2,,radio,"Item 6 Recognition","1, Yes | 0, No",,,,,,[ceradt_comp_trl5_v2]='1',,LV,,,,
recgnz_7_v2,cerad_updated_2,,radio,"Item 7 Recognition","0, Yes | 1, No",,,,,,[ceradt_comp_trl5_v2]='1',,LV,,,,
recgnz_8_v2,cerad_updated_2,,radio,"Item 8 Recognition","1, Yes | 0, No",,,,,,[ceradt_comp_trl5_v2]='1',,LV,,,,
recgnz_9_v2,cerad_updated_2,,radio,"Item 9 Recognition","0, Yes | 1, No",,,,,,[ceradt_comp_trl5_v2]='1',,LV,,,,
recgnz_10_v2,cerad_updated_2,,radio,"Item 10 Recognition","0, Yes | 1, No",,,,,,[ceradt_comp_trl5_v2]='1',,LV,,,,
recgnz_11_v2,cerad_updated_2,,radio,"Item 11 Recognition","1, Yes | 0, No",,,,,,[ceradt_comp_trl5_v2]='1',,LV,,,,
recgnz_12_v2,cerad_updated_2,,radio,"Item 12 Recognition","1, Yes | 0, No",,,,,,[ceradt_comp_trl5_v2]='1',,LV,,,,
recgnz_13_v2,cerad_updated_2,,radio,"Item 13 Recognition","0, Yes | 1, No",,,,,,[ceradt_comp_trl5_v2]='1',,LV,,,,
recgnz_14_v2,cerad_updated_2,,radio,"Item 14 Recognition","1, Yes | 0, No",,,,,,[ceradt_comp_trl5_v2]='1',,LV,,,,
recgnz_15_v2,cerad_updated_2,,radio,"Item 15 Recognition","0, Yes | 1, No",,,,,,[ceradt_comp_trl5_v2]='1',,LV,,,,
recgnz_16_v2,cerad_updated_2,,radio,"Item 16 Recognition","0, Yes | 1, No",,,,,,[ceradt_comp_trl5_v2]='1',,LV,,,,
recgnz_17_v2,cerad_updated_2,,radio,"Item 17 Recognition","1, Yes | 0, No",,,,,,[ceradt_comp_trl5_v2]='1',,LV,,,,
recgnz_18_v2,cerad_updated_2,,radio,"Item 18 Recognition","0, Yes | 1, No",,,,,,[ceradt_comp_trl5_v2]='1',,LV,,,,
recgnz_19_v2,cerad_updated_2,,radio,"Item 19 Recognition","1, Yes | 0, No",,,,,,[ceradt_comp_trl5_v2]='1',,LV,,,,
recgnz_20_v2,cerad_updated_2,,radio,"Item 20 Recognition","1, Yes | 0, No",,,,,,[ceradt_comp_trl5_v2]='1',,LV,,,,
church_5_v2,cerad_updated_2,,descriptive,Church,,,,,,,"[cerad_wrdlst_v2]='1' and [ceradt_comp_trl5_v2]='1'",,,,,,
coffee_5_v2,cerad_updated_2,,descriptive,Coffee,,,,,,,"[cerad_wrdlst_v2]='1' and [ceradt_comp_trl5_v2]='1'",,,,,,
dollar_5_v2,cerad_updated_2,,descriptive,Dollar,,,,,,,"[cerad_wrdlst_v2]='1' and [ceradt_comp_trl5_v2]='1'",,,,,,
five_5_v2,cerad_updated_2,,descriptive,Five,,,,,,,"[cerad_wrdlst_v2]='1' and [ceradt_comp_trl5_v2]='1'",,,,,,
hotel_5_v2,cerad_updated_2,,descriptive,Hotel,,,,,,,"[cerad_wrdlst_v2]='1' and [ceradt_comp_trl5_v2]='1'",,,,,,
mnt_5_v2,cerad_updated_2,,descriptive,Mountain,,,,,,,"[cerad_wrdlst_v2]='1' and [ceradt_comp_trl5_v2]='1'",,,,,,
slipper_5_v2,cerad_updated_2,,descriptive,Slipper,,,,,,,"[cerad_wrdlst_v2]='1' and [ceradt_comp_trl5_v2]='1'",,,,,,
village_5_v2,cerad_updated_2,,descriptive,Village,,,,,,,"[cerad_wrdlst_v2]='1' and [ceradt_comp_trl5_v2]='1'",,,,,,
string_5_v2,cerad_updated_2,,descriptive,String,,,,,,,"[cerad_wrdlst_v2]='1' and [ceradt_comp_trl5_v2]='1'",,,,,,
troops_5_v2,cerad_updated_2,,descriptive,Troops,,,,,,,"[cerad_wrdlst_v2]='1' and [ceradt_comp_trl5_v2]='1'",,,,,,
clock_5_v2,cerad_updated_2,,descriptive,Clock,,,,,,,"[cerad_wrdlst_v2]='2' and [ceradt_comp_trl5_v2]='1'",,,,,,
army_5_v2,cerad_updated_2,,descriptive,Army,,,,,,,"[cerad_wrdlst_v2]='2' and [ceradt_comp_trl5_v2]='1'",,,,,,
diamond_5_v2,cerad_updated_2,,descriptive,Diamond,,,,,,,"[cerad_wrdlst_v2]='2' and [ceradt_comp_trl5_v2]='1'",,,,,,
garden_5_v2,cerad_updated_2,,descriptive,Garden,,,,,,,"[cerad_wrdlst_v2]='2' and [ceradt_comp_trl5_v2]='1'",,,,,,
machine_5_v2,cerad_updated_2,,descriptive,Machine,,,,,,,"[cerad_wrdlst_v2]='2' and [ceradt_comp_trl5_v2]='1'",,,,,,
pipe_5_v2,cerad_updated_2,,descriptive,Pipe,,,,,,,"[cerad_wrdlst_v2]='2' and [ceradt_comp_trl5_v2]='1'",,,,,,
street_5_v2,cerad_updated_2,,descriptive,Street,,,,,,,"[cerad_wrdlst_v2]='2' and [ceradt_comp_trl5_v2]='1'",,,,,,
temple_5_v2,cerad_updated_2,,descriptive,Temple,,,,,,,"[cerad_wrdlst_v2]='2' and [ceradt_comp_trl5_v2]='1'",,,,,,
sky_5_v2,cerad_updated_2,,descriptive,Sky,,,,,,,[cerad_wrdlst_v2]='2',,,,,,
railroad_5_v2,cerad_updated_2,,descriptive,Railroad,,,,,,,"[cerad_wrdlst_v2]='2' and [ceradt_comp_trl5_v2]='1'",,,,,,
cerad_trl_5_v2,cerad_updated_2,,descriptive,"<div class=""rich-text-field-label""><p><span style=""color: #236fa1;"">Recognition</span></p> <table style=""border-collapse: collapse; width: 99.9314%; height: 522.083px;"" border=""1""> <tbody> <tr style=""height: 24.8611px;""> <td style=""width: 32.9305%; height: 24.8611px;"">Trial 1 List</td> <td style=""width: 66.9421%; height: 24.8611px;"">Order Said</td> </tr> <tr style=""height: 24.8611px;""> <td style=""width: 32.9305%; height: 24.8611px;"">{church_5_v2} {clock_5_v2}</td> <td style=""width: 66.9421%; height: 24.8611px;"">{recgnz_1_v2}</td> </tr> <tr style=""height: 24.8611px;""> <td style=""width: 32.9305%; height: 24.8611px;"">{coffee_5_v2} {army_5_v2}</td> <td style=""width: 66.9421%; height: 24.8611px;"">{recgnz_2_v2}</td> </tr> <tr style=""height: 24.8611px;""> <td style=""width: 32.9305%; height: 24.8611px;"">{butter_5_v2} {animal_5_v2}</td> <td style=""width: 66.9421%; height: 24.8611px;"">{recgnz_3_v2}</td> </tr> <tr style=""height: 24.8611px;""> <td style=""width: 32.9305%; height: 24.8611px;"">{dollar_5_v2} {diamond_5_v2}</td> <td style=""width: 66.9421%; height: 24.8611px;"">{recgnz_4_v2}</td> </tr> <tr style=""height: 24.8611px;""> <td style=""width: 32.9305%; height: 24.8611px;"">{arm_5_v2} {ocean_5_v2}</td> <td style=""width: 66.9421%; height: 24.8611px;"">{recgnz_5_v2}</td> </tr> <tr style=""height: 24.8611px;""> <td style=""width: 32.9305%; height: 24.8611px;"">{shore_5_v2} {coin_5_v2}</td> <td style=""width: 66.9421%; height: 24.8611px;"">{recgnz_6_v2}</td> </tr> <tr style=""height: 24.8611px;""> <td style=""width: 32.9305%; height: 24.8611px;"">{five_5_v2} {garden_5_v2}</td> <td style=""width: 66.9421%; height: 24.8611px;"">{recgnz_7_v2}</td> </tr> <tr style=""height: 24.8611px;""> <td style=""width: 32.9305%; height: 24.8611px;"">{letter_5_v2} {book_5_v2}</td> <td style=""width: 66.9421%; height: 24.8611px;"">{recgnz_8_v2}</td> </tr> <tr style=""height: 24.8611px;""> <td style=""width: 32.9305%; height: 24.8611px;"">{hotel_5_v2} {machine_5_v2}</td> <td style=""width: 66.9421%; height: 24.8611px;"">{recgnz_9_v2}</td> </tr> <tr style=""height: 24.8611px;""> <td style=""width: 32.9305%; height: 24.8611px;"">{mnt_5_v2} {pipe_5_v2}</td> <td style=""width: 66.9421%; height: 24.8611px;"">{recgnz_10_v2}</td> </tr> <tr style=""height: 24.8611px;""> <td style=""width: 32.9305%; height: 24.8611px;"">{queen_5_v2} {pal_5_v2}</td> <td style=""width: 66.9421%; height: 24.8611px;"">{recgnz_11_v2}</td> </tr> <tr style=""height: 24.8611px;""> <td style=""width: 32.9305%; height: 24.8611px;"">{cabin_5_v2} {off_5_v2}</td> <td style=""width: 66.9421%; height: 24.8611px;"">{recgnz_12_v2}</td> </tr> <tr style=""height: 24.8611px;""> <td style=""width: 32.9305%; height: 24.8611px;"">{slipper_5_v2} {street_5_v2}</td> <td style=""width: 66.9421%; height: 24.8611px;"">{recgnz_13_v2}</td> </tr> <tr style=""height: 24.8611px;""> <td style=""width: 32.9305%; height: 24.8611px;"">{pole_5_v2} {party_5_v2}</td> <td style=""width: 66.9421%; height: 24.8611px;"">{recgnz_14_v2}</td> </tr> <tr style=""height: 24.8611px;""> <td style=""width: 32.9305%; height: 24.8611px;"">{village_5_v2} {temple_5_v2}</td> <td style=""width: 66.9421%; height: 24.8611px;"">{recgnz_15_v2}</td> </tr> <tr style=""height: 24.8611px;""> <td style=""width: 32.9305%; height: 24.8611px;"">{string_5_v2} {sky_5_v2}</td> <td style=""width: 66.9421%; height: 24.8611px;"">{recgnz_16_v2}</td> </tr> <tr style=""height: 24.8611px;""> <td style=""width: 32.9305%; height: 24.8611px;"">{tick_5_v2} {boy_5_v2}</td> <td style=""width: 66.9421%; height: 24.8611px;"">{recgnz_17_v2}</td> </tr> <tr style=""height: 24.8611px;""> <td style=""width: 32.9305%; height: 24.8611px;"">{troops_5_v2} {railroad_5_v2}</td> <td style=""width: 66.9421%; height: 24.8611px;"">{recgnz_18_v2}</td> </tr> <tr style=""height: 24.8611px;""> <td style=""width: 32.9305%; height: 24.8611px;"">{grass_5_v2} {camp_5_v2}</td> <td style=""width: 66.9421%; height: 24.8611px;"">{recgnz_19_v2}</td> </tr> <tr style=""height: 24.8611px;""> <td style=""width: 32.9305%; height: 24.8611px;"">{engine_5_v2} {rock_5_v2}</td> <td style=""width: 66.9421%; height: 24.8611px;"">{recgnz_20_v2}</td> </tr> </tbody> </table> <p> </p></div>",,,,,,,[ceradt_comp_trl5_v2]='1',,,,,,
