"Variable / Field Name","Form Name","Section Header","Field Type","Field Label","Choices, Calculations, OR Slider Labels","Field Note","Text Validation Type OR Show Slider Number","Text Validation Min","Text Validation Max",Identifier?,"Branching Logic (Show field only if...)","Required Field?","Custom Alignment","Question Number (surveys only)","Matrix Group Name","Matrix Ranking?","Field Annotation"
ftdworrc,ftld_c1f,"Form C1F Neuropsychological Batter Summary Scores",dropdown,"1a. Total completely accurate words (0-15)","0, 0 | 1, 1 | 2, 2 | 3, 3 | 4, 4 | 5, 5 | 6, 6 | 7, 7 | 8, 8 | 9, 9 | 10, 10 | 11, 11 | 12, 12 | 13, 13 | 14, 14 | 15, 15 | 95, 95 Physical problem | 96, 96 Cognitive/behavior problem | 97, 97 Other problem | 98, 98 Verbal refusal",,autocomplete,,,,,,,,,,
ftdworrs,ftld_c1f,,dropdown,"1b. Total semantically related inaccurate words (0-15)","0, 0 | 1, 1 | 2, 2 | 3, 3 | 4, 4 | 5, 5 | 6, 6 | 7, 7 | 8, 8 | 9, 9 | 10, 10 | 11, 11 | 12, 12 | 13, 13 | 14, 14 | 15, 15 | 95, 95 = Physical problem | 96, 96 = Cognitive/behavior problem | 97, 97 = Other problem | 98, 98 = Verbal refusal",,autocomplete,,,,,,,,,,
ftdworrr,ftld_c1f,,dropdown,"1c. Total other phonologically related words or nonword errors (0 - 15)","0, 0 | 1, 1 | 2, 2 | 3, 3 | 4, 4 | 5, 5 | 6, 6 | 7, 7 | 8, 8 | 9, 9 | 10, 10 | 11, 11 | 12, 12 | 13, 13 | 14, 14 | 15, 15 | 95, 95 = Physical problem | 96, 96 = Cognitive/behavior problem | 97, 97 = Other problem | 98, 98 = Verbal refusal",,autocomplete,,,,,,,,,,
ftdworic,ftld_c1f,,dropdown,"1d. Total completely accurate words (0-15)","0, 0 | 1, 1 | 2, 2 | 3, 3 | 4, 4 | 5, 5 | 6, 6 | 7, 7 | 8, 8 | 9, 9 | 10, 10 | 11, 11 | 12, 12 | 13, 13 | 14, 14 | 15, 15 | 95, 95 = Physical problem | 96, 96 = Cognitive/behavior problem | 97, 97 = Other problem | 98, 98 = Verbal refusal",,autocomplete,,,,,,,,,,
ftdworis,ftld_c1f,,dropdown,"1e. Total semantically related inaccurate words (0-15)","0, 0 | 1, 1 | 2, 2 | 3, 3 | 4, 4 | 5, 5 | 6, 6 | 7, 7 | 8, 8 | 9, 9 | 10, 10 | 11, 11 | 12, 12 | 13, 13 | 14, 14 | 15, 15 | 95, 95 = Physical problem | 96, 96 = Cognitive/behavior problem | 97, 97 = Other problem | 98, 98 = Verbal refusal",,autocomplete,,,,,,,,,,
ftdworir,ftld_c1f,,dropdown,"1f. Total words that are regularized (read using phonics, e.g., sew read as sue)","0, 0 | 1, 1 | 2, 2 | 3, 3 | 4, 4 | 5, 5 | 6, 6 | 7, 7 | 8, 8 | 9, 9 | 10, 10 | 11, 11 | 12, 12 | 13, 13 | 14, 14 | 15, 15 | 95, 95 = Physical problem | 96, 96 = Cognitive/behavior problem | 97, 97 = Other problem | 98, 98 = Verbal refusal",,autocomplete,,,,,,,,,,
ftdworip,ftld_c1f,,dropdown,"1g. Total other phonologically related words or nonword errors (0-15)","0, 0 | 1, 1 | 2, 2 | 3, 3 | 4, 4 | 5, 5 | 6, 6 | 7, 7 | 8, 8 | 9, 9 | 10, 10 | 11, 11 | 12, 12 | 13, 13 | 14, 14 | 15, 15 | 95, 95 = Physical problem | 96, 96 = Cognitive/behavior problem | 97, 97 = Other problem | 98, 98 = Verbal refusal",,autocomplete,,,,,,,,,,
ftdsemmt,ftld_c1f,,dropdown,"2a. Total correct word-picture matches(0-20)","0, 0 | 1, 1 | 2, 2 | 3, 3 | 4, 4 | 5, 5 | 6, 6 | 7, 7 | 8, 8 | 9, 9 | 10, 10 | 11, 11 | 12, 12 | 13, 13 | 14, 14 | 15, 15 | 16, 16 | 17, 17 | 18, 18 | 19, 19 | 20, 20 | 95, 95 Physical problem | 96, 96 Cognitive/behavior problem | 97, 97 Other problem | 98, 98 Verbal refusal",,autocomplete,,,,,,,,,,
ftdsemaa,ftld_c1f,,dropdown,"3a. Total correct animal associations (0-8)","0, 0 | 1, 1 | 2, 2 | 3, 3 | 4, 4 | 5, 5 | 6, 6 | 7, 7 | 8, 8 | 95, 95 Physical problem | 96, 96 Cognitive/behavior problem | 97, 97 Other problem | 98, 98 Verbal refusal",,autocomplete,,,,,,,,,,
ftdsemta,ftld_c1f,,dropdown,"3b. Total correct tool associations (0-8)","0, 0 | 1, 1 | 2, 2 | 3, 3 | 4, 4 | 5, 5 | 6, 6 | 7, 7 | 8, 8 | 95, 95 = Physical problem | 96, 96 = Cognitive/behavior problem | 97, 97 = Other problem | 98, 98 = Verbal refusal",,autocomplete,,,,,,,,,,
ftdsemsu,ftld_c1f,,dropdown,"3c. Sum of all correct associations (Semantic Associates Test total score) (0-16)","0, 0 | 1, 1 | 2, 2 | 3, 3 | 4, 4 | 5, 5 | 6, 6 | 7, 7 | 8, 8 | 9, 9 | 10, 10 | 11, 11 | 12, 12 | 13, 13 | 14, 14 | 15, 15 | 16, 16 | 95, 95 = Physical problem | 96, 96 = Cognitive/behavior problem | 97, 97 = Other problem | 98, 98 = Verbal refusal",,autocomplete,,,,,,,,,,
ftdanasw,ftld_c1f,,dropdown,"4a. Correct subject who-questions (0-5)","0, 0 | 1, 1 | 2, 2 | 3, 3 | 4, 4 | 5, 5 | 95, 95 Physical problem | 96, 96 Cognitive/behavior problem | 97, 97 Other problem | 98, 98 Verbal refusal",,autocomplete,,,,,,,,,,
ftdanaow,ftld_c1f,,dropdown,"4b. Correct object who-questions (0-5)","0, 0 | 1, 1 | 2, 2 | 3, 3 | 4, 4 | 5, 5 | 95, 95 = Physical problem | 96, 96 = Cognitive/behavior problem | 97, 97 = Other problem | 98, 98 = Verbal refusal",,autocomplete,,,,,,,,,,
ftdanats,ftld_c1f,,dropdown,"4c. Total score: sum of all correct questions (0-10)","0, 0 | 1, 1 | 2, 2 | 3, 3 | 4, 4 | 5, 5 | 6, 6 | 7, 7 | 8, 8 | 9, 9 | 10, 10 | 95, 95 = Physical problem | 96, 96 = Cognitive/behavior problem | 97, 97 = Other problem | 98, 98 = Verbal refusal",,autocomplete,,,,,,,,,,
ftdsenas,ftld_c1f,,dropdown,"5a. Number of completely accurate sentences (0-5)","0, 0 | 1, 1 | 2, 2 | 3, 3 | 4, 4 | 5, 5 | 95, 95 Physical problem | 96, 96 Cognitive/behavior problem | 97, 97 Other problem | 98, 98 Verbal refusal",,autocomplete,,,,,,,,,,
ftdsenos,ftld_c1f,,dropdown,"5b. Total number of words omitted from sentences (0-37)","0, 0 | 1, 1 | 2, 2 | 3, 3 | 4, 4 | 5, 5 | 6, 6 | 7, 7 | 8, 8 | 9, 9 | 10, 10 | 11, 11 | 12, 12 | 13, 13 | 14, 14 | 15, 15 | 16, 16 | 17, 17 | 18, 18 | 19, 19 | 20, 20 | 21, 21 | 22, 22 | 23, 23 | 24, 24 | 25, 25 | 26, 26 | 27, 27 | 28, 28 | 29, 29 | 30, 30 | 31, 31 | 32, 32 | 33, 33 | 34, 34 | 35, 35 | 36, 36 | 37, 37 | 95, 95 = Physical problem | 96, 96 = Cognitive/behavior problem | 97, 97 = Other problem | 98, 98 = Verbal refusal",,autocomplete,,,,,,,,,,
ftdsensr,ftld_c1f,,dropdown,"5c. Total number of semantically related or unrelated incorrect real words (0-20)","0, 0 | 1, 1 | 2, 2 | 3, 3 | 4, 4 | 5, 5 | 6, 6 | 7, 7 | 8, 8 | 9, 9 | 10, 10 | 11, 11 | 12, 12 | 13, 13 | 14, 14 | 15, 15 | 16, 16 | 17, 17 | 18, 18 | 19, 19 | 20, 20 | 95, 95 = Physical problem | 96, 96 = Cognitive/behavior problem | 97, 97 = Other problem | 98, 98 = Verbal refusal",,autocomplete,,,,,,,,,,
ftdsenpr,ftld_c1f,,dropdown,"5d. Total number of phonologically related words or nonword errors (0-20)","0, 0 | 1, 1 | 2, 2 | 3, 3 | 4, 4 | 5, 5 | 6, 6 | 7, 7 | 8, 8 | 9, 9 | 10, 10 | 11, 11 | 12, 12 | 13, 13 | 14, 14 | 15, 15 | 16, 16 | 17, 17 | 18, 18 | 19, 19 | 20, 20",,autocomplete,,,,,,,,,,
ftdnounc,ftld_c1f,,dropdown,"6a. Total nouns correct (0-16)","0, 0 | 1, 1 | 2, 2 | 3, 3 | 4, 4 | 5, 5 | 6, 6 | 7, 7 | 8, 8 | 9, 9 | 10, 10 | 11, 11 | 12, 12 | 13, 13 | 14, 14 | 15, 15 | 16, 16 | 95, 95 Physical problem | 96, 96 Cognitive/behavior problem | 97, 97 Other problem | 98, 98 Verbal refusal",,autocomplete,,,,,,,,,,
ftdverbc,ftld_c1f,,dropdown,"6b. Total verbs correct (0-16)","0, 0 | 1, 1 | 2, 2 | 3, 3 | 4, 4 | 5, 5 | 6, 6 | 7, 7 | 8, 8 | 9, 9 | 10, 10 | 11, 11 | 12, 12 | 13, 13 | 14, 14 | 15, 15 | 16, 16 | 95, 95 = Physical problem | 96, 96 = Cognitive/behavior problem | 97, 97 = Other problem | 98, 98 = Verbal refusal",,autocomplete,,,,,,,,,,
ftdratio,ftld_c1f,,text,"6c. Noun-to-verb ratio (total nouns correct/total verbs correct)",,,,,,,,,,,,,
ftdreaas,ftld_c1f,,dropdown,"7a. Number of completely accurate sentences (0-5)","0, 0 | 1, 1 | 2, 2 | 3, 3 | 4, 4 | 5, 5 | 95, 95 Physical problem | 96, 96 Cognitive/behavior problem | 97, 97 Other problem | 98, 98 Verbal refusal",,autocomplete,,,,,,,,,,
ftdreaos,ftld_c1f,,dropdown,"7b. Total number of words omitted from sentence (0-37)","0, 0 | 1, 1 | 2, 2 | 3, 3 | 4, 4 | 5, 5 | 6, 6 | 7, 7 | 8, 8 | 9, 9 | 10, 10 | 11, 11 | 12, 12 | 13, 13 | 14, 14 | 15, 15 | 16, 16 | 17, 17 | 18, 18 | 19, 19 | 20, 20 | 21, 21 | 22, 22 | 23, 23 | 24, 24 | 25, 25 | 26, 26 | 27, 27 | 28, 28 | 29, 29 | 30, 30 | 31, 31 | 32, 32 | 33, 33 | 34, 34 | 35, 35 | 36, 36 | 37, 37 | 95, 95 = Physical problem | 96, 96 = Cognitive/behavior problem | 97, 97 = Other problem | 98, 98 = Verbal refusal",,autocomplete,,,,,,,,,,
ftdreasr,ftld_c1f,,dropdown,"7c. Total number of semantically related or unrelated incorrect real words (0-20)","0, 0 | 1, 1 | 2, 2 | 3, 3 | 4, 4 | 5, 5 | 6, 6 | 7, 7 | 8, 8 | 9, 9 | 10, 10 | 11, 11 | 12, 12 | 13, 13 | 14, 14 | 15, 15 | 16, 16 | 17, 17 | 18, 18 | 19, 19 | 20, 20 | 95, 95 = Physical problem | 96, 96 = Cognitive/behavior problem | 97, 97 = Other problem | 98, 98 = Verbal refusal",,autocomplete,,,,,,,,,,
ftdreapr,ftld_c1f,,dropdown,"7d. Total number of phonologically related words or nonword errors (0-20)","0, 0 | 1, 1 | 2, 2 | 3, 3 | 4, 4 | 5, 5 | 6, 6 | 7, 7 | 8, 8 | 9, 9 | 10, 10 | 11, 11 | 12, 12 | 13, 13 | 14, 14 | 15, 15 | 16, 16 | 17, 17 | 18, 18 | 19, 19 | 20, 20 | 95, 95 = Physical problem | 96, 96 = Cognitive/behavior problem | 97, 97 = Other problem | 98, 98 = Verbal refusal",,autocomplete,,,,,,,,,,
c1f_notcomplete,ftld_c1f,,dropdown,"reason c1f not complete","95, 95 = Physical problem | 96, 96 = Cognitive/behavior problem | 97, 97 = Other problem | 98, 98 = Verbal refusal",,autocomplete,,,,,,,,,,
