"Variable / Field Name","Form Name","Section Header","Field Type","Field Label","Choices, Calculations, OR Slider Labels","Field Note","Text Validation Type OR Show Slider Number","Text Validation Min","Text Validation Max",Identifier?,"Branching Logic (Show field only if...)","Required Field?","Custom Alignment","Question Number (surveys only)","Matrix Group Name","Matrix Ranking?","Field Annotation"
ftdcpc2f,ftld_c2f,"Form C2F Social Norms Questionnaire",dropdown,"0. Reason form not completed","95, 95 Physical problem | 96, 96 Cognitive/behavior problem | 97, 97 Other problem | 98, 98 Verbal refusal",,,,,,,,,,,,
ftdhaird,ftld_c2f,,dropdown,"1. Tell a stranger you don't like their haristyle?","0, 0 No | 1, 1 Yes",,,,,,,,,,,,
ftdhaird_exists,ftld_c2f,,calc,"1. Tell a stranger you don't like their haristyle?","if([ftdhaird] <> """", 1, 0)",,,,,,,,,,,," @HIDDEN"
ftdhaird_r,ftld_c2f,,calc,"1. Tell a stranger you don't like their haristyle?","if([ftdhaird] = 0, 1, 0)",,,,,,,,,,,," @HIDDEN"
ftdspit,ftld_c2f,,dropdown,"2. Spit on the floor?","0, 0 No | 1, 1 Yes",,,,,,,,,,,,
ftdspit_exists,ftld_c2f,,calc,"2. Spit on the floor?","if([ftdspit] <> """", 1, 0)",,,,,,,,,,,," @HIDDEN"
ftdspit_r,ftld_c2f,,calc,"2. Spit on the floor?","if([ftdspit] = 0, 1, 0)",,,,,,,,,,,," @HIDDEN"
ftdnose,ftld_c2f,,dropdown,"3. Blow your nose in public?","0, 0 No | 1, 1 Yes",,,,,,,,,,,,
ftdnose_exists,ftld_c2f,,calc,"3. Blow your nose in public?","if([ftdnose] <> """", 1, 0)",,,,,,,,,,,," @HIDDEN"
ftdnose_r,ftld_c2f,,calc,"3. Blow your nose in public?","if([ftdnose] = 0, 1, 0)",,,,,,,,,,,," @HIDDEN"
ftdcoage,ftld_c2f,,dropdown,"4. Ask a coworker their age?","0, 0 No | 1, 1 Yes",,,,,,,,,,,,
ftdcoage_exists,ftld_c2f,,calc,"4. Ask a coworker their age?","if([ftdcoage] <> """", 1, 0)",,,,,,,,,,,," @HIDDEN"
ftdcoage_r,ftld_c2f,,calc,"4. Ask a coworker their age?","if([ftdcoage] = 0, 1, 0)",,,,,,,,,,,," @HIDDEN"
ftdcry,ftld_c2f,,dropdown,"5. Cry during a movie at the theater?","0, 0 No | 1, 1 Yes",,,,,,,,,,,,
ftdcry_exists,ftld_c2f,,calc,"5. Cry during a movie at the theater?","if([ftdcry] <> """", 1, 0)",,,,,,,,,,,," @HIDDEN"
ftdcry_r,ftld_c2f,,calc,"5. Cry during a movie at the theater?","if([ftdcry] = 0, 1, 0)",,,,,,,,,,,," @HIDDEN"
ftdcut,ftld_c2f,,dropdown,"6. Cut in line if you are in a hurry?","0, 0 No | 1, 1 Yes",,,,,,,,,,,,
ftdcut_exists,ftld_c2f,,calc,"6. Cut in line if you are in a hurry?","if([ftdcut] <> """", 1, 0)",,,,,,,,,,,," @HIDDEN"
ftdcut_r,ftld_c2f,,calc,"6. Cut in line if you are in a hurry?","if([ftdcut] = 0, 1, 0)",,,,,,,,,,,," @HIDDEN"
ftdytrip,ftld_c2f,,dropdown,"7. Laugh when you yourself trip and fall?","0, 0 No | 1, 1 Yes",,,,,,,,,,,,
ftdytrip_exists,ftld_c2f,,calc,"7. Laugh when you yourself trip and fall?","if([ftdytrip] <> """", 1, 0)",,,,,,,,,,,," @HIDDEN"
ftdytrip_r,ftld_c2f,,calc,"7. Laugh when you yourself trip and fall?","if([ftdytrip] = 0, 1, 0)",,,,,,,,,,,," @HIDDEN"
ftdeatp,ftld_c2f,,dropdown,"8. Eat pasta with your fingers?","0, 0 No | 1, 1 Yes",,,,,,,,,,,,
ftdeatp_exists,ftld_c2f,,calc,"8. Eat pasta with your fingers?","if([ftdeatp] <> """", 1, 0)",,,,,,,,,,,," @HIDDEN"
ftdeatp_r,ftld_c2f,,calc,"8. Eat pasta with your fingers?","if([ftdeatp] = 0, 1, 0)",,,,,,,,,,,," @HIDDEN"
ftdtella,ftld_c2f,,dropdown,"9. Tell a coworker your age?","0, 0 No | 1, 1 Yes",,,,,,,,,,,,
ftdtella_exists,ftld_c2f,,calc,"9. Tell a coworker your age?","if([ftdtella] <> """", 1, 0)",,,,,,,,,,,," @HIDDEN"
ftdtella_r,ftld_c2f,,calc,"9. Tell a coworker your age?","if([ftdtella] = 0, 1, 0)",,,,,,,,,,,," @HIDDEN"
ftdopin,ftld_c2f,,dropdown,"10. Tell someone your opinion of a movie they haven't seen?","0, 0 No | 1, 1 Yes",,,,,,,,,,,,
ftdopin_r,ftld_c2f,,calc,"10. Tell someone your opinion of a movie they haven't seen?","if([ftdopin] = 0, 1, 0)",,,,,,,,,,,," @HIDDEN"
ftdopin_exists,ftld_c2f,,calc,"10. Tell someone your opinion of a movie they haven't seen?","if([ftdopin] <> """", 1, 0)",,,,,,,,,,,," @HIDDEN"
ftdlaugh,ftld_c2f,,dropdown,"11. Laugh when someone else trips and falls?","0, 0 No | 1, 1 Yes",,,,,,,,,,,,
ftdlaugh_exists,ftld_c2f,,calc,"11. Laugh when someone else trips and falls?","if([ftdlaugh] <> """", 1, 0)",,,,,,,,,,,," @HIDDEN"
ftdlaugh_r,ftld_c2f,,calc,"11. Laugh when someone else trips and falls?","if([ftdlaugh] = 0, 1, 0)",,,,,,,,,,,," @HIDDEN"
ftdshirt,ftld_c2f,,dropdown,"12. Wear the same shirt every day?","0, 0 No | 1, 1 Yes",,,,,,,,,,,,
ftdshirt_exists,ftld_c2f,,calc,"12. Wear the same shirt every day?","if([ftdshirt] <> """", 1, 0)",,,,,,,,,,,," @HIDDEN"
ftdshirt_r,ftld_c2f,,calc,"12. Wear the same shirt every day?","if([ftdshirt] = 0, 1, 0)",,,,,,,,,,,," @HIDDEN"
ftdkeepm,ftld_c2f,,dropdown,"13. Keep money you find on the sidewalk?","0, 0 No | 1, 1 Yes",,,,,,,,,,,,
ftdkeepm_r,ftld_c2f,,calc,"13. Keep money you find on the sidewalk?","if([ftdkeepm] = 0, 1, 0)",,,,,,,,,,,," @HIDDEN"
ftdkeepm_exists,ftld_c2f,,calc,"13. Keep money you find on the sidewalk?","if([ftdkeepm] <> """", 1, 0)",,,,,,,,,,,," @HIDDEN"
ftdpickn,ftld_c2f,,dropdown,"14. Pick your nose in public?","0, 0 No | 1, 1 Yes",,,,,,,,,,,,
ftdpickn_exists,ftld_c2f,,calc,"14. Pick your nose in public?","if([ftdpickn] <> """", 1, 0)",,,,,,,,,,,," @HIDDEN"
ftdpickn_r,ftld_c2f,,calc,"14. Pick your nose in public?","if([ftdpickn] = 0, 1, 0)",,,,,,,,,,,," @HIDDEN"
ftdover,ftld_c2f,,dropdown,"15. Tell a coworker you think they are overweight?","0, 0 No | 1, 1 Yes",,,,,,,,,,,,
ftdover_exists,ftld_c2f,,calc,"15. Tell a coworker you think they are overweight?","if([ftdover] <> """", 1, 0)",,,,,,,,,,,," @HIDDEN"
ftdover_r,ftld_c2f,,calc,"15. Tell a coworker you think they are overweight?","if([ftdover] = 0, 1, 0)",,,,,,,,,,,," @HIDDEN"
ftdeatr,ftld_c2f,,dropdown,"16. Eat ribs with your fingers?","0, 0 No | 1, 1 Yes",,,,,,,,,,,,
ftdeatr_r,ftld_c2f,,calc,"16. Eat ribs with your fingers?","if([ftdeatr] = 0, 1, 0)",,,,,,,,,,,," @HIDDEN"
ftdeatr_exists,ftld_c2f,,calc,"16. Eat ribs with your fingers?","if([ftdeatr] <> """", 1, 0)",,,,,,,,,,,," @HIDDEN"
ftdhairl,ftld_c2f,,dropdown,"17. Tell a stranger you like their hairstyle?","0, 0 No | 1, 1 Yes",,,,,,,,,,,,
ftdhairl_r,ftld_c2f,,calc,"17. Tell a stranger you like their hairstyle?","if([ftdhairl] = 0, 1, 0)",,,,,,,,,,,," @HIDDEN"
ftdhairl_exists,ftld_c2f,,calc,"17. Tell a stranger you like their hairstyle?","if([ftdhairl] <> """", 1, 0)",,,,,,,,,,,," @HIDDEN"
ftdshirw,ftld_c2f,,dropdown,"18. Wear the same shirt twice in two weeks?","0, 0 No | 1, 1 Yes",,,,,,,,,,,,
ftdshirw_r,ftld_c2f,,calc,"18. Wear the same shirt twice in two weeks?","if([ftdshirw] = 0, 1, 0)",,,,,,,,,,,," @HIDDEN"
ftdshirw_exists,ftld_c2f,,calc,"18. Wear the same shirt twice in two weeks?","if([ftdshirw] <> """", 1, 0)",,,,,,,,,,,," @HIDDEN"
ftdmove,ftld_c2f,,dropdown,"19. Tell someone the ending of a movie they haven't seen?","0, 0 No | 1, 1 Yes",,,,,,,,,,,,
ftdmove_exists,ftld_c2f,,calc,"19. Tell someone the ending of a movie they haven't seen?","if([ftdmove] <> """", 1, 0)",,,,,,,,,,,," @HIDDEN"
ftdmove_r,ftld_c2f,,calc,"19. Tell someone the ending of a movie they haven't seen?","if([ftdmove] = 0, 1, 0)",,,,,,,,,,,," @HIDDEN"
ftdhugs,ftld_c2f,,dropdown,"20. Hug a stranger without asking first?","0, 0 No | 1, 1 Yes",,,,,,,,,,,,
ftdhugs_exists,ftld_c2f,,calc,"20. Hug a stranger without asking first?","if([ftdhugs] <> """", 1, 0)",,,,,,,,,,,," @HIDDEN"
ftdhugs_r,ftld_c2f,,calc,"20. Hug a stranger without asking first?","if([ftdhugs] = 0, 1, 0)",,,,,,,,,,,," @HIDDEN"
ftdloud,ftld_c2f,,dropdown,"21. Talk out loud during a movie at the theater?","0, 0 No | 1, 1 Yes",,,,,,,,,,,,
ftdloud_exists,ftld_c2f,,calc,"21. Talk out loud during a movie at the theater?","if([ftdloud] <> """", 1, 0)",,,,,,,,,,,," @HIDDEN"
ftdloud_r,ftld_c2f,,calc,"21. Talk out loud during a movie at the theater?","if([ftdloud] = 0, 1, 0)",,,,,,,,,,,," @HIDDEN"
ftdlost,ftld_c2f,,dropdown,"22. Tell a coworker you think they have lost weight?","0, 0 No | 1, 1 Yes",,,,,,,,,,,,
ftdlost_r,ftld_c2f,,calc,"22. Tell a coworker you think they have lost weight?","if([ftdlost] = 0, 1, 0)",,,,,,,,,,,," @HIDDEN"
ftdlost_exists,ftld_c2f,,calc,"22. Tell a coworker you think they have lost weight?","if([ftdlost] <> """", 1, 0)",,,,,,,,,,,," @HIDDEN"
ftdsntot,ftld_c2f,,dropdown,"23. SNQ22 Total Score","0, 0 | 1, 1 | 2, 2 | 3, 3 | 4, 4 | 5, 5 | 6, 6 | 7, 7 | 8, 8 | 9, 9 | 10, 10 | 11, 11 | 12, 12 | 13, 13 | 14, 14 | 15, 15 | 16, 16 | 17, 17 | 18, 18 | 19, 19 | 20, 20 | 21, 21 | 22, 22 | 88, 88 Some Scores Missing",,autocomplete,,,,,,,,,," @HIDDEN"
ftdsntot_auto,ftld_c2f,,calc,"Auto-calculated SNQ22 Total Score","if(sum([ftdhaird_exists], [ftdspit_exists], [ftdnose_exists], [ftdcoage_exists], [ftdcry_exists], [ftdcut_exists], [ftdytrip_exists], [ftdeatp_exists], [ftdtella_exists], [ftdopin_exists], [ftdlaugh_exists], [ftdshirt_exists], [ftdkeepm_exists], [ftdpickn_exists], [ftdover_exists], [ftdeatr_exists], [ftdhairl_exists], [ftdshirw_exists], [ftdmove_exists], [ftdhugs_exists], [ftdloud_exists], [ftdlost_exists]) = 22, sum([ftdhaird_r], [ftdspit_r], [ftdnose], [ftdcoage_r], [ftdcry], [ftdcut_r], [ftdytrip_r], [ftdeatp_r], [ftdtella], [ftdopin], [ftdlaugh_r], [ftdshirt_r], [ftdkeepm], [ftdpickn_r], [ftdover_r], [ftdeatr], [ftdhairl], [ftdshirw], [ftdmove], [ftdhugs_r], [ftdloud_r], [ftdlost]), 88)",,,,,,,,,,,,
ftdsntbs,ftld_c2f,,dropdown,"24. SNQ22 Break Score","0, 0 | 1, 1 | 2, 2 | 3, 3 | 4, 4 | 5, 5 | 6, 6 | 7, 7 | 8, 8 | 9, 9 | 10, 10 | 11, 11 | 12, 12 | 88, 88 Some Scores Missing",,autocomplete,,,,,,,,,," @HIDDEN"
ftdsntbs_auto,ftld_c2f,,calc,"Auto-calculated SNQ22 Break Score","if(sum([ftdhaird_exists], [ftdspit_exists], [ftdnose_exists], [ftdcoage_exists], [ftdcry_exists], [ftdcut_exists], [ftdytrip_exists], [ftdeatp_exists], [ftdtella_exists], [ftdopin_exists], [ftdlaugh_exists], [ftdshirt_exists], [ftdkeepm_exists], [ftdpickn_exists], [ftdover_exists], [ftdeatr_exists], [ftdhairl_exists], [ftdshirw_exists], [ftdmove_exists], [ftdhugs_exists], [ftdloud_exists], [ftdlost_exists]) = 22, sum([ftdhaird], [ftdspit], [ftdcoage], [ftdcut], [ftdeatp], [ftdytrip], [ftdlaugh], [ftdshirt], [ftdpickn], [ftdover], [ftdmove], [ftdhugs], [ftdloud]), 88)",,,,,,,,,,,,
ftdsntos,ftld_c2f,,dropdown,"25. SNQ22 Overadhere Score","0, 0 | 1, 1 | 2, 2 | 3, 3 | 4, 4 | 5, 5 | 6, 6 | 7, 7 | 8, 8 | 9, 9 | 10, 10 | 88, 88 Some Scores Missing",,autocomplete,,,,,,,,,," @HIDDEN"
ftdsntos_auto,ftld_c2f,,calc,"Auto-calculated SNQ22 Overadhere Score","if(sum([ftdhaird_exists], [ftdspit_exists], [ftdnose_exists], [ftdcoage_exists], [ftdcry_exists], [ftdcut_exists], [ftdytrip_exists], [ftdeatp_exists], [ftdtella_exists], [ftdopin_exists], [ftdlaugh_exists], [ftdshirt_exists], [ftdkeepm_exists], [ftdpickn_exists], [ftdover_exists], [ftdeatr_exists], [ftdhairl_exists], [ftdshirw_exists], [ftdmove_exists], [ftdhugs_exists], [ftdloud_exists], [ftdlost_exists]) = 22, sum([ftdnose_r], [ftdcry_r], [ftdytrip_r], [ftdtella_r], [ftdopin_r], [ftdkeepm_r], [ftdeatr_r], [ftdhairl_r], [ftdshirw_r], [ftdlost_r]), 88)",,,,,,,,,,,,
ftdsnrat,ftld_c2f,,text,"26. SNQ22 Yes/No Ratio Score",,,,,,,,,,,,," @HIDDEN"
ftdsnrat_auto,ftld_c2f,,calc,"Auto-calculated SNQ22 Yes/No Ratio Score","if(sum([ftdhaird_exists], [ftdspit_exists], [ftdnose_exists], [ftdcoage_exists], [ftdcry_exists], [ftdcut_exists], [ftdytrip_exists], [ftdeatp_exists], [ftdtella_exists], [ftdopin_exists], [ftdlaugh_exists], [ftdshirt_exists], [ftdkeepm_exists], [ftdpickn_exists], [ftdover_exists], [ftdeatr_exists], [ftdhairl_exists], [ftdshirw_exists], [ftdmove_exists], [ftdhugs_exists], [ftdloud_exists], [ftdlost_exists]) = 22, sum([ftdhaird], [ftdspit], [ftdnose], [ftdcoage], [ftdcry], [ftdcut], [ftdytrip], [ftdeatp], [ftdtella], [ftdopin], [ftdlaugh], [ftdshirt], [ftdkeepm], [ftdpickn], [ftdover], [ftdeatr], [ftdhairl], [ftdshirw], [ftdmove], [ftdhugs], [ftdloud], [ftdlost])/sum([ftdhaird_r], [ftdspit_r], [ftdnose_r], [ftdcoage_r], [ftdcry_r], [ftdcut_r], [ftdytrip_r], [ftdeatp_r], [ftdtella_r], [ftdopin_r], [ftdlaugh_r], [ftdshirt_r], [ftdkeepm_r], [ftdpickn_r], [ftdover_r], [ftdeatr_r], [ftdhairl_r], [ftdshirw_r], [ftdmove_r], [ftdhugs_r], [ftdloud_r], [ftdlost_r]), 88)",,,,,,,,,,,,
c2f_notcomplete,ftld_c2f,,dropdown,"Reason c2f not complete","95, 95 = Physical problem | 96, 96 = Cognitive/behavior problem | 97, 97 = Other problem | 98, 98 = Verbal refusal",,autocomplete,,,,,,,,,,
