"Variable / Field Name","Form Name","Section Header","Field Type","Field Label","Choices, Calculations, OR Slider Labels","Field Note","Text Validation Type OR Show Slider Number","Text Validation Min","Text Validation Max",Identifier?,"Branching Logic (Show field only if...)","Required Field?","Custom Alignment","Question Number (surveys only)","Matrix Group Name","Matrix Ranking?","Field Annotation"
lbgnewgn,ivp_e1l,,dropdown,"1. Since the last visit, is new information available concerning the genetic mutations listed below?","0, 0. No | 1, 1. Yes",,,,,,,y,,,,,
lbglrrk2,ivp_e1l,,dropdown,"2. LRRK2","0, 0. No | 1, 1. Yes | 9, 9. Unknown",,,,,,"[lbgnewgn] = '1'",,,,,,
lbglrkis,ivp_e1l,,dropdown,"2a. If Yes, information source","1, 1. Commercial laboratory test documentation | 2, 2. Research laboratory test documentation | 3, 3. Family report (select only if no laboratory test was done) | 9, 9. Unknown",,,,,,"[lbgnewgn] = '1' and [lbglrrk2] = '1'",,,,,,
lbgpark2,ivp_e1l,,dropdown,"3. PARK2","0, 0. No | 1, 1. Yes | 9, 9. Unknown",,,,,,"[lbgnewgn] = '1'",,,,,,
lbgpk2is,ivp_e1l,,dropdown,"3a. If Yes, information source","1, 1. Commercial laboratory test documentation | 2, 2. Research laboratory test documentation | 3, 3. Family report (select only if no laboratory test was done) | 9, 9. Unknown",,,,,,"[lbgnewgn] = '1' and [lbgpark2] = '1'",,,,,,
lbgpark7,ivp_e1l,,dropdown,"4. PARK7","0, 0. No | 1, 1. Yes | 9, 9. Unknown",,,,,,"[lbgnewgn] = '1'",,,,,,
lbgpk7is,ivp_e1l,,dropdown,"4a. If Yes, information source","1, 1. Commercial laboratory test documentation | 2, 2. Research laboratory test documentation | 3, 3. Family report (select only if no laboratory test was done) | 9, 9. Unknown",,,,,,"[lbgnewgn] = '1' and [lbgpark7] = '1'",,,,,,
lbgpink1,ivp_e1l,,dropdown,"5. PINK1","0, 0. No | 1, 1. Yes | 9, 9. Unknown",,,,,,"[lbgnewgn] = '1'",,,,,,
lbgpnkis,ivp_e1l,,dropdown,"5a. If Yes, information source","1, 1. Commercial laboratory test documentation | 2, 2. Research laboratory test documentation | 3, 3. Family report (select only if no laboratory test was done) | 9, 9. Unknown",,,,,,"[lbgnewgn] = '1' and [lbgpink1] = '1'",,,,,,
lbgsnca,ivp_e1l,,dropdown,"6. SNCA","0, 0. No | 1, 1. Yes | 9, 9. Unknown",,,,,,"[lbgnewgn] = '1'",,,,,,
lbgsncis,ivp_e1l,,dropdown,"6a. If Yes, information source","1, 1. Commercial laboratory test documentation | 2, 2. Research laboratory test documentation | 3, 3. Family report (select only if no laboratory test was done) | 9, 9. Unknown",,,,,,"[lbgnewgn] = '1' and [lbgsnca] = '1'",,,,,,
lbggba,ivp_e1l,,dropdown,"7. GBA","0, 0. No | 1, 1. Yes | 9, 9. Unknown",,,,,,"[lbgnewgn] = '1'",,,,,,
lbggbais,ivp_e1l,,dropdown,"7a. If Yes, information source","1, 1. Commercial laboratory test documentation | 2, 2. Research laboratory test documentation | 3, 3. Family report (select only if no laboratory test was done) | 9, 9. Unknown",,,,,,"[lbgnewgn] = '1' and [lbggba] = '1'",,,,,,
lbgothr,ivp_e1l,,dropdown,"8. Other","0, 0. No | 1, 1. Yes | 9, 9. Unknown",,,,,,"[lbgnewgn] = '1'",,,,,,
lbgothis,ivp_e1l,,dropdown,"8a. If Yes, information source","1, 1. Commercial laboratory test documentation | 2, 2. Research laboratory test documentation | 3, 3. Family report (select only if no laboratory test was done) | 9, 9. Unknown",,,,,,"[lbgnewgn] = '1' and [lbgothr] = '1'",,,,,,
lbgothx,ivp_e1l,,text,"8a1. Specify",,,,,,,"[lbgnewgn] = '1' and [lbgothr] = '1'",,,,,,
