"Variable / Field Name","Form Name","Section Header","Field Type","Field Label","Choices, Calculations, OR Slider Labels","Field Note","Text Validation Type OR Show Slider Number","Text Validation Min","Text Validation Max",Identifier?,"Branching Logic (Show field only if...)","Required Field?","Custom Alignment","Question Number (surveys only)","Matrix Group Name","Matrix Ranking?","Field Annotation"
ftdcpc5f,ftld_c5f,"Form C5F Interpersonal Reactivity Index",dropdown,"0. This questionnaire was completed","0, 0 Independently by Informant, as described in Instructions to the Center | 1, 1 Via in-person interview of informant by clinic staff | 2, 2 Via telephone interview of informant by clinic staff",,,,,,,,,,,,
ftdinsex,ftld_c5f,,dropdown,"0a. Sex of Informant","1, 1 Male | 2, 2 Female",,,,,,,,,,,,
ftdinfmo,ftld_c5f,,dropdown,"0b. Informant's month of birth","1, 1 | 2, 2 | 3, 3 | 4, 4 | 5, 5 | 6, 6 | 7, 7 | 8, 8 | 9, 9 | 10, 10 | 11, 11 | 12, 12",,autocomplete,,,,,,,,,,
ftdinfyr,ftld_c5f,,dropdown,"0b. Informants year of birth of Birth.","1900, 1900 | 1901, 1901 | 1902, 1902 | 1903, 1903 | 1904, 1904 | 1905, 1905 | 1906, 1906 | 1907, 1907 | 1908, 1908 | 1909, 1909 | 1910, 1910 | 1911, 1911 | 1912, 1912 | 1913, 1913 | 1914, 1914 | 1915, 1915 | 1916, 1916 | 1917, 1917 | 1918, 1918 | 1919, 1919 | 1920, 1920 | 1921, 1921 | 1922, 1922 | 1923, 1923 | 1924, 1924 | 1925, 1925 | 1926, 1926 | 1927, 1927 | 1928, 1928 | 1929, 1929 | 1930, 1930 | 1931, 1931 | 1932, 1932 | 1933, 1933 | 1934, 1934 | 1935, 1935 | 1936, 1936 | 1937, 1937 | 1938, 1938 | 1939, 1939 | 1940, 1940 | 1941, 1941 | 1942, 1942 | 1943, 1943 | 1944, 1944 | 1945, 1945 | 1946, 1946 | 1947, 1947 | 1948, 1948 | 1949, 1949 | 1950, 1950 | 1951, 1951 | 1952, 1952 | 1953, 1953 | 1954, 1954 | 1955, 1955 | 1956, 1956 | 1957, 1957 | 1958, 1958 | 1959, 1959 | 1960, 1960 | 1961, 1961 | 1962, 1962 | 1963, 1963 | 1964, 1964 | 1965, 1965 | 1966, 1966 | 1967, 1967 | 1968, 1968 | 1969, 1969 | 1970, 1970 | 1971, 1971 | 1972, 1972 | 1973, 1973 | 1974, 1974 | 1975, 1975 | 1976, 1976 | 1977, 1977 | 1978, 1978 | 1979, 1979 | 1980, 1980 | 1981, 1981 | 1982, 1982 | 1983, 1983 | 1984, 1984 | 1985, 1985 | 1986, 1986 | 1987, 1987 | 1988, 1988 | 1989, 1989 | 1990, 1990 | 1991, 1991 | 1992, 1992 | 1993, 1993 | 1994, 1994 | 1995, 1995 | 1996, 1996 | 1997, 1997 | 1998, 1998 | 1999, 1999",,autocomplete,,,,,,,,,,
ftdinfre,ftld_c5f,,dropdown,"0c. Informants relationship to patient.","1, 1 Spouse or spouse equivalent | 2, 2 Child | 3, 3 Daughter- or son-in law | 4, 4 Parent | 5, 5 Sibling | 6, 6 Other (other relative, friend, neighbor, paid caregiver)",,,,,,,,,,,,
ftdfeel,ftld_c5f,,dropdown,"1. The subject shows tender, concerned feelings for people less fortunate than him/her","1, 1 Does not describe well | 2, 2 | 3, 3 | 4, 4 | 5, 5 Describes very well",,,,,,,,,,,,
ftddiff,ftld_c5f,,dropdown,"2. The patient sometimes finds it difficult to see things from the other guys point of view","1, 1 Does not describe well | 2, 2 | 3, 3 | 4, 4 | 5, 5 Describes very well",,,,,,,,,,,,
ftddiff_2,ftld_c5f,,calc,"2. The patient sometimes finds it difficult to see things from the other guys point of view","if([ftddiff] = 1, 5, if([ftddiff] = 2, 4, if([ftddiff] = 3, 3, if([ftddiff] = 4, 2, if([ftddiff] = 5, 1, """")))))",,,,,,,,,,,," @HIDDEN"
ftdsorr,ftld_c5f,,dropdown,"3. Sometimes the subject does NOT feel very sorry for other people when they are having problems","1, 1 Does not describe well | 2, 2 | 3, 3 | 4, 4 | 5, 5 Describes very well",,,,,,,,,,,,
ftdsorr_2,ftld_c5f,,calc,"3. Sometimes the subject does NOT feel very sorry for other people when they are having problems","if([ftdsorr] = 1, 5, if([ftdsorr] = 2, 4, if([ftdsorr] = 3, 3, if([ftdsorr] = 4, 2, if([ftdsorr] = 5, 1, """")))))",,,,,,,,,,,," @HIDDEN"
ftdside,ftld_c5f,,dropdown,"4. The subject tries to look at everybodys side of a disagreement before he/she makes a decision","1, 1 Does not describe well | 2, 2 | 3, 3 | 4, 4 | 5, 5 Describes very well",,,,,,,,,,,,
ftdadvan,ftld_c5f,,dropdown,"5. If the patient sees somebody taken advantage of, the patient feels kind of protective towards him/her","1, 1 Does not describe well | 2, 2 | 3, 3 | 4, 4 | 5, 5 Describes very well",,,,,,,,,,,,
ftdimag,ftld_c5f,,dropdown,"6. The subject is likely to try to understand others better by imagining how things how things look from their perspective","1, 1 Does not describe well | 2, 2 | 3, 3 | 4, 4 | 5, 5 Describes very well",,,,,,,,,,,,
ftdmisf,ftld_c5f,,dropdown,"7. Other peoples misfortunes do NOT usually disturb the subjectt a great deal.","1, 1 Does not describe well | 2, 2 | 3, 3 | 4, 4 | 5, 5 Describes very well",,,,,,,,,,,,
ftdmisf_2,ftld_c5f,,calc,"7. Other peoples misfortunes do NOT usually disturb the subjectt a great deal.","if([ftdmisf] = 1, 5, if([ftdmisf] = 2, 4, if([ftdmisf] = 3, 3, if([ftdmisf] = 4, 2, if([ftdmisf] = 5, 1, """")))))",,,,,,,,,,,," @HIDDEN"
ftdwaste,ftld_c5f,,dropdown,"8. If the subjectt is sure he/she is right about something, he/she doesn't waste much time listening to other people's arguments","1, 1 Does not describe well | 2, 2 | 3, 3 | 4, 4 | 5, 5 Describes very well",,,,,,,,,,,,
ftdwaste_2,ftld_c5f,,calc,"8. If the subjectt is sure he/she is right about something, he/she doesn't waste much time listening to other people's arguments","if([ftdwaste] = 1, 5, if([ftdwaste] = 2, 4, if([ftdwaste] = 3, 3, if([ftdwaste] = 4, 2, if([ftdwaste] = 5, 1, """")))))",,,,,,,,,,,," @HIDDEN"
ftdpity,ftld_c5f,,dropdown,"9. If the subjectt sees someone being treated unfairly, the subject doesn't feel much pity for him/her","1, 1 Does not describe well | 2, 2 | 3, 3 | 4, 4 | 5, 5 Describes very well",,,,,,,,,,,,
ftdpity_2,ftld_c5f,,calc,"9. If the subjectt sees someone being treated unfairly, the subject doesn't feel much pity for him/her","if([ftdpity] = 1, 5, if([ftdpity] = 2, 4, if([ftdpity] = 3, 3, if([ftdpity] = 4, 2, if([ftdpity] = 5, 1, """")))))",,,,,,,,,,,," @HIDDEN"
ftdqtouc,ftld_c5f,,dropdown,"10. The subject is often quite touched by things he/she sees happen.","1, 1 Does not describe well | 2, 2 | 3, 3 | 4, 4 | 5, 5 Describes very well",,,,,,,,,,,,
ftdsides,ftld_c5f,,dropdown,"11. The subject believes that there are two sides to every question and tries to look at both of them","1, 1 Does not describe well | 2, 2 | 3, 3 | 4, 4 | 5, 5 Describes very well",,,,,,,,,,,,
ftdsofth,ftld_c5f,,dropdown,"12. I would describe the subject as a pretty soft-hearted person.","1, 1 Does not describe well | 2, 2 | 3, 3 | 4, 4 | 5, 5 Describes very well",,,,,,,,,,,,
ftdupset,ftld_c5f,,dropdown,"13. If the subject is upset at someone, the subject usually tries to put him/herself in ""the other person's shoes for a while","1, 1 Does not describe well | 2, 2 | 3, 3 | 4, 4 | 5, 5 Describes very well",,,,,,,,,,,,
ftdcriti,ftld_c5f,,dropdown,"14. Before criticizing me, the subject is likely to imagine how he/she would feel if he/she were in my place","1, 1 Does not describe well | 2, 2 | 3, 3 | 4, 4 | 5, 5 Describes very well",,,,,,,,,,,,
ftdiriec,ftld_c5f,,dropdown,"15. Empathic Concern Score (EC)","7, 7 | 8, 8 | 9, 9 | 10, 10 | 11, 11 | 12, 12 | 13, 13 | 14, 14 | 15, 15 | 16, 16 | 17, 17 | 18, 18 | 19, 19 | 20, 20 | 21, 21 | 22, 22 | 23, 23 | 24, 24 | 25, 25 | 26, 26 | 27, 27 | 28, 28 | 29, 29 | 30, 30 | 31, 31 | 32, 32 | 33, 33 | 34, 34 | 35, 35 | 88, 88",,autocomplete,,,,,,,,,," @HIDDEN"
ftdiriec_2,ftld_c5f,,calc,"15. Empathic Concern Score (EC) - Autocalculated","if([ftdfeel] <> """" AND [ftdsorr] <> """" AND [ftdadvan] <> """" AND [ftdmisf] <> """" AND [ftdpity] <> """" AND [ftdqtouc] <> """" AND [ftdsofth] <> """", sum([ftdfeel], [ftdsorr_2], [ftdadvan], [ftdmisf_2], [ftdpity_2], [ftdqtouc], [ftdsofth]), 88)",,,,,,,,,,,,
ftdiript,ftld_c5f,,dropdown,"16. Perspective Taking Score (PT)","7, 7 | 8, 8 | 9, 9 | 10, 10 | 11, 11 | 12, 12 | 13, 13 | 14, 14 | 15, 15 | 16, 16 | 17, 17 | 18, 18 | 19, 19 | 20, 20 | 21, 21 | 22, 22 | 23, 23 | 24, 24 | 25, 25 | 26, 26 | 27, 27 | 28, 28 | 29, 29 | 30, 30 | 31, 31 | 32, 32 | 33, 33 | 34, 34 | 35, 35 | 88, 88",,,,,,,,,,,," @HIDDEN"
ftdiript_2,ftld_c5f,,calc,"16. Perspective Taking Score (PT) - Autocalculated","if([ftddiff] <> """" AND [ftdside] <> """" AND [ftdimag] <> """" AND [ftdwaste] <> """" AND [ftdsides] <> """" AND [ftdupset] <> """" AND [ftdcriti] <> """", sum([ftddiff_2], [ftdside], [ftdimag], [ftdwaste_2], [ftdsides], [ftdupset], [ftdcriti]), 88)",,,,,,,,,,,,
c5f_notcomplete,ftld_c5f,,dropdown,"Reason c5f not complete","95, 95 = Physical problem | 96, 96 = Cognitive/behavior problem | 97, 97 = Other problem | 98, 98 = Verbal refusal",,autocomplete,,,,,,,,,,
