"Variable / Field Name","Form Name","Section Header","Field Type","Field Label","Choices, Calculations, OR Slider Labels","Field Note","Text Validation Type OR Show Slider Number","Text Validation Min","Text Validation Max",Identifier?,"Branching Logic (Show field only if...)","Required Field?","Custom Alignment","Question Number (surveys only)","Matrix Group Name","Matrix Ranking?","Field Annotation"
lbudspch,ivp_b2l,,dropdown,"1. Speech","0, 0 Normal | 1, 1 Mildly affected. No difficulty being understood | 2, 2. Moderately affected. Sometimes asked to repeat statements | 3, 3. Severely affected. Frequently asked to repeat statements | 4, 4. Unintelligible most of the time. | 8, 8. Not applicable | 9, 9. Unknown",,,,,,,,,,,,
lbudsalv,ivp_b2l,,dropdown,"2. Salivation","1, 0. Normal | 2, 1. Slight but definite excess of saliva in mouth, may have night time drooling. | 3, 2. Moderately excessive saliva; may have minimal drooling. | 4, 3. Marked excess of saliva with some drooling | 5, 4. Marked drooling, requires constant tissue or handerchief | 8, 8. Not applicable | 9, 9. Unknown",,,,,,,,,,,,
lbudswal,ivp_b2l,,dropdown,"3. Swallowing","1, 0. Normal | 2, 1. Rare choking | 3, 2. Occasional choking | 4, 3. Requires soft food | 5, 4. Requires NG tube or gastrotomy feeding | 8, 8. Not applicable | 9, 9. Unknown",,,,,,,,,,,,
lbuwrite,ivp_b2l,,dropdown,"4. Handwriting","1, 0. Normal | 2, 1. Slightly slow or small | 3, 2. Moderately slow or small; all words are legible | 4, 3. Severely affected; not all words are legible | 5, 4. The majority of words are not legible | 8, 8. Not applicable | 9, 9. Unknown",,,,,,,,,,,,
lbudfood,ivp_b2l,,dropdown,"5. Cutting food and handling utensils","0, 0. Normal | 1, 1. Somewhat slow and clumsy, but no help needed | 2, 2. Can cut most foods, although clumsy and slow, some help needed | 3, 3. Food must be cut by someone, but can still feed slowly | 4, 4. Needs to be fed | 8, 8. Not applicable | 9, 9. Unknown",,,,,,,,,,,,
lbudress,ivp_b2l,,dropdown,"6. Dressing","1, 0. Normal | 2, 1. Somewhat slow, but no help needed | 3, 2. Occasional assistance with buttoning, getting arms in sleeves | 4, 3. Considerable help required, but can do some things alone | 5, 4. Helpless | 8, 8. Not applicable | 9, 9. Unknown",,,,,,,,,,,,
lbudhygn,ivp_b2l,,dropdown,"7. Hygiene","1, 0. Normal | 2, 1. Somewhat slow, but no help needed | 3, 2. Needs help to shower or bathe; or very slow in hygienic care | 4, 3. Requires assistance for washing | 5, 4. Foley catheter or other mechanical aids | 8, 8. Not applicable | 9, 9. Unknown",,,,,,,,,,,,
lbudturn,ivp_b2l,,dropdown,"8. Turning in bed and adjusting bedclothes","1, 0. Normal | 2, 1. Somewhat slow and clumsy, but no help needed | 3, 2. Can turn alone or adjust sheets, but with great difficulty | 4, 3. Can initiate, but not turn or adjust sheets alone. | 5, 4. Helpless | 8, 8. Not applicable | 9, 9. Unknown",,,,,,,,,,,,
lbudfall,ivp_b2l,,dropdown,"9. Falling (unrelated to freezing)","1, 0. None | 2, 1. Rare falling | 3, 2. Occasionally falls, less than once per day | 4, 3. Fall an average of once daily | 5, 4. Falls more than once daily | 8, 8. Not applicable | 9, 9. Unknown",,,,,,,,,,,,
lbudfrz,ivp_b2l,,dropdown,"10. Freezing when walking","1, 0. None | 2, 1. Rare freezing when walking; may have start-hesitation | 3, 2. Occasional freezing when walking | 4, 3. Frequent freezing. Occasionally falls from freezing | 5, 4. Frequent falls from freezing | 8, 8. Not applicable | 9, 9. Unknown",,,,,,,,,,,,
lbudwalk,ivp_b2l,,dropdown,"11. Walking","1, 0. Normal | 2, 1. Mild difficulty. May not swing arms or may tend to drag leg | 3, 2. Moderate difficulty, but requires lettle or no assistance | 4, 3. Severe disturbance of walking, requiring assistance | 5, 4. Cannot walk at all, even with assistance | 8, 8. Not applicable | 9, 9. Unknown",,,,,,,,,,,,
lbudtrem,ivp_b2l,,dropdown,"12. Tremor","0, 0. Absent | 1, 1. Slight and infrequently present | 2, 2. Moderate, bothersome to participant | 3, 3. Severe, interferes with many activities | 4, 4. Marked, interferes with most activities | 8, 8. Not applicable | 9, 9. Unknown",,,,,,,,,,,,
lbudsens,ivp_b2l,,dropdown,"13. Sensory complaints related to parkinsonism","1, 0. None | 2, 1. Occasionally has numbness, tingling, or mild aching | 3, 2. Frequently has numbness, tingling, or aching; not distressing | 4, 3. Frequent painful sensations | 5, 4. Excruciating pain | 8, 8. Not applicable | 9, 9. Unknown",,,,,,,,,,,,
