"Variable / Field Name","Form Name","Section Header","Field Type","Field Label","Choices, Calculations, OR Slider Labels","Field Note","Text Validation Type OR Show Slider Number","Text Validation Min","Text Validation Max",Identifier?,"Branching Logic (Show field only if...)","Required Field?","Custom Alignment","Question Number (surveys only)","Matrix Group Name","Matrix Ranking?","Field Annotation"
lbspcgim,iv_b6l,,dropdown,"0. Is the participant to cognitively impaired (e.g., CDR>1) to complete this form?","0, 0. No | 1, 1. Yes",,,,,,,,,,,,
lbspdrm,iv_b6l,,dropdown,"1. Have you ever been told that you seem to ""act out your dreams"" while sleeping (punched or flailed arms in the air, shouted or screamed)?","0, 0. No | 1, 1. Yes",,,,,,,,,,,,
lbspyrs,iv_b6l,,dropdown,"1a1. How many months or years has this been going on? (years)","0, 0 | 1, 1 | 2, 2 | 3, 3 | 4, 4 | 5, 5 | 6, 6 | 7, 7 | 8, 8 | 9, 9 | 10, 10 | 11, 11 | 12, 12 | 13, 13 | 14, 14 | 15, 15 | 16, 16 | 17, 17 | 18, 18 | 19, 19 | 20, 20 | 21, 21 | 22, 22 | 23, 23 | 24, 24 | 25, 25 | 26, 26 | 27, 27 | 28, 28 | 29, 29 | 30, 30 | 31, 31 | 32, 32 | 33, 33 | 34, 34 | 35, 35 | 36, 36 | 37, 37 | 38, 38 | 39, 39 | 40, 40 | 41, 41 | 42, 42 | 43, 43 | 44, 44 | 45, 45 | 46, 46 | 47, 47 | 48, 48 | 49, 49 | 50, 50 | 51, 51 | 52, 52 | 53, 53 | 54, 54 | 55, 55 | 56, 56 | 57, 57 | 58, 58 | 59, 59 | 60, 60 | 61, 61 | 62, 62 | 63, 63 | 64, 64 | 65, 65 | 66, 66 | 67, 67 | 68, 68 | 69, 69 | 70, 70 | 71, 71 | 72, 72 | 73, 73 | 74, 74 | 75, 75 | 76, 76 | 77, 77 | 78, 78 | 79, 79 | 80, 80 | 81, 81 | 82, 82 | 83, 83 | 84, 84 | 85, 85 | 86, 86 | 87, 87 | 88, 88 | 89, 89 | 90, 90 | 91, 91 | 92, 92 | 93, 93 | 94, 94 | 95, 95 | 96, 96 | 97, 97 | 98, 98 | 99, 99",,,,,,,,,,,,
lbspmos,iv_b6l,,dropdown,"1a2. How many months or years has this been going on? (months)","0, 0 | 1, 1 | 2, 2 | 3, 3 | 4, 4 | 5, 5 | 6, 6 | 7, 7 | 8, 8 | 9, 9 | 10, 10 | 11, 11",,,,,,,,,,,,
lbspinjs,iv_b6l,,dropdown,"1b. Have you ever been injured from these behaviors (bruises, cuts, broken bones)?","0, 0. No | 1, 1. Yes",,,,,,,,,,,,
lbspinjp,iv_b6l,,dropdown,"1c. Has a bedpartner ever been injured from these behaviors (bruises, blows, pulled hair)?","0, 0. No | 1, 1. Yes | 8, 8. No bedpartner",,,,,,,,,,,,
lbspchas,iv_b6l,,dropdown,"1d. Have you had dreams of being chased or attacked, or that involve defending yourself?","0, 0. No | 1, 1. Yes",,,,,,,,,,,,
lbspmove,iv_b6l,,dropdown,"1e. Have you been told that you make movements while sleeping that seem to match the details of your dream?","0, 0. No | 1, 1. Yes",,,,,,,,,,,,
lbsplegs,iv_b6l,,dropdown,"2. Have you been told that your legs repeatedly jerk or twitch during sleep (not just when falling asleep)?","0, 0. No | 1, 1. Yes",,,,,,,,,,,,
lbspnerv,iv_b6l,,dropdown,"3. Does a restless, nervous, tingly, or creepy-crawly feeling in your legs make it hard to fall or stay asleep?","0, 0. No | 1, 1. Yes",,,,,,,,,,,,
lbspurgl,iv_b6l,,dropdown,"3a. Do you experience an irresistible urge to move the legs at those times","0, 0. No | 1, 1. Yes",,,,,,,,,,,,
lbspwors,iv_b6l,,dropdown,"3c. When do these sensations seem to be worse?","1, 1. Before 6:00 p.m. | 2, 2. After 6:00 p.m.",,,,,,,,,,,,
lbspsens,iv_b6l,,dropdown,"3b. Do the uncomfortable leg sensations decrease when you move them or when you walk around?","0, 0. No | 1, 1. Yes",,,,,,,,,,,,
lbspwalk,iv_b6l,,dropdown,"4. Have you ever walked around the bedroom or house in your sleep","0, 0. No | 1, 1. Yes",,,,,,,,,,,,
lbspawak,iv_b6l,,dropdown,"5. Have you ever snorted or choked yourself awake?","0, 0. No | 1, 1. Yes",,,,,,,,,,,,
lbspbrth,iv_b6l,,dropdown,"6. Have you ever been told that you stop breathing in your sleep?","0, 0. No | 1, 1. Yes",,,,,,,,,,,,
lbsptrt,iv_b6l,,dropdown,"6a. Are you currently being treated for this (e.g., CP)AP?","0, 0. No | 1, 1. Yes",,,,,,,,,,,,
lbspcrmp,iv_b6l,,dropdown,"7. Do you experience leg cramps at night (e.g., also called a ""charlie horse"" with intense pain in certain muscles in the leg)?","0, 0. No | 1, 1. Yes",,,,,,,,,,,,
lbspalrt,iv_b6l,,dropdown,"8. Rate your general level of alertness for the past 3 weeks on a scale from 0 to 10","0, 0. Sleep all day | 1, 1 | 2, 2 | 3, 3 | 4, 4 | 5, 5 | 6, 6 | 7, 7 | 8, 8 | 9, 9 | 10, 10 Fully and normally awake",,,,,,,,,,,,
