"Variable / Field Name","Form Name","Section Header","Field Type","Field Label","Choices, Calculations, OR Slider Labels","Field Note","Text Validation Type OR Show Slider Number","Text Validation Min","Text Validation Max",Identifier?,"Branching Logic (Show field only if...)","Required Field?","Custom Alignment","Question Number (surveys only)","Matrix Group Name","Matrix Ranking?","Field Annotation"
ftdppasl,ftld_b9f,"Form B9F Clinical PPA and bvFTD Features",dropdown,"1. PPA: Is acquired disorder of language a prominent element in presentation","0, 0 No | 1, 1 Yes",,,,,,,,,,,,
ftdppapo,ftld_b9f,,dropdown,"2. Clinical PPA: Poor object naming","0, 0 Absent | 1, 1 Questionably present | 2, 2 Definitely present | 9, 9 Not evaluated",,,,,,,,,,,,
ftdppaiw,ftld_b9f,,dropdown,"3. Clinical PPA: Improvised word selection/retrieval in spontaneous speech","0, 0 Absent | 1, 1 Questionably present | 2, 2 Definitely present | 9, 9 Not evaluated",,,,,,,,,,,,
ftdppasw,ftld_b9f,,dropdown,"4. PPA Clinical: Impaired word comprehension","0, 0 Absent | 1, 1 Questionably present | 2, 2 Definitely present | 9, 9 Not evaluated",,,,,,,,,,,,
ftdppapk,ftld_b9f,,dropdown,"5. Clinical PPA: Poor object / person knowledge","0, 0 Absent | 1, 1 Questionably present | 2, 2 Definitely present | 9, 9 Not evaluated",,,,,,,,,,,,
ftdppags,ftld_b9f,,dropdown,"6. Clinical PPA: Grammatical simplification or grammatical errors in speech","0, 0 Absent | 1, 1 Questionably present | 2, 2 Definitely present | 9, 9 Not evaluated",,,,,,,,,,,,
ftdppaeh,ftld_b9f,,dropdown,"7. Clinical PPA: Effortful, halting speech","0, 0 Absent | 1, 1 Questionably present | 2, 2 Definitely present | 9, 9 Not evaluated",,,,,,,,,,,,
ftdppacs,ftld_b9f,,dropdown,"8. Clinical PPA: Circumlocutory speech, empty speech","0, 0 Absent | 1, 1 Questionably present | 2, 2 Definitely present | 9, 9 Not evaluated",,,,,,,,,,,,
ftdppass,ftld_b9f,,dropdown,"9. Clinical PPA: Speech sound / word errors (paraphasias)","0, 0 Absent | 1, 1 Questionably present | 2, 2 Definitely present | 9, 9 Not evaluated",,,,,,,,,,,,
ftdppasr,ftld_b9f,,dropdown,"10. Clinical PPA: Impaired speech repetition","0, 0 Absent | 1, 1 Questionably present | 2, 2 Definitely present | 9, 9 Not evaluated",,,,,,,,,,,,
ftdppasd,ftld_b9f,,dropdown,"11. Clinical PPA: Surface dyslexia","0, 0 Absent | 1, 1 Questionably present | 2, 2 Definitely present | 9, 9 Not evaluated",,,,,,,,,,,,
ftdcppa,ftld_b9f,,dropdown,"12. Root Diagnosis of PPA?","0, 0 No | 1, 1 Yes",,,,,,,,,,,,
ftdcppas,ftld_b9f,,dropdown,"13. Consensus diagnoisis of dominant PPA subtype","1, 1 PPA, semantic variant (semPPA) | 2, 2 PPA, nonfluent/agrammatic variant (nf/gPPA) | 3, 3 Logopenic PPA | 4, 4 PPA not otherwise specified",,,,,,,,,,,,
ftdbvcln,ftld_b9f,,dropdown,"14. bvFTD: Are acquired alterations important elements in presentation of the subject? (I.e., at least one of the characteristics described in Questions 15-21 is ""Definitely present"".)","0, 0 No | 1, 1 Yes",,,,,,,,,,,,
ftdbvdis,ftld_b9f,,dropdown,"15. bvFTD features: Disinhibition","0, 0 Absent | 1, 1 Questionably present | 2, 2 Definitely present | 9, 9 Not evaluated",,,,,,,,,,,,
ftdbvapa,ftld_b9f,,dropdown,"16. bvFTD features: Apathy or inertia","0, 0 Absent | 1, 1 Questionably present | 2, 2 Definitely present | 9, 9 Not evaluated",,,,,,,,,,,,
ftdbvlos,ftld_b9f,,dropdown,"17. bvFTD features: Loss of Sympathy / empathy","0, 0 Absent | 1, 1 Questionably present | 2, 2 Definitely present | 9, 9 Not evaluated",,,,,,,,,,,,
ftdbvrit,ftld_b9f,,dropdown,"18. bvFTD features: Ritualistic / compulsive behavior","0, 0 Absent | 1, 1 Questionably present | 2, 2 Definitely present | 9, 9 Not evaluated",,,,,,,,,,,,
ftdbvhyp,ftld_b9f,,dropdown,"19. bvFTD features: Hyperorality and appetite changes","0, 0 Absent | 1, 1 Questionably present | 2, 2 Definitely present | 9, 9 Not evaluated",,,,,,,,,,,,
ftdbvneu,ftld_b9f,,dropdown,"20. bvFTD features: Changes on neuropsychological testing consistent with bvFTD","0, 0 Absent | 1, 1 Questionably present | 2, 2 Definitely present | 9, 9 Not evaluated",,,,,,,,,,,,
ftdbvidl,ftld_b9f,,dropdown,"21. bvFTD: Impaired daily functioning","0, 0 Absent | 1, 1 Questionably present | 2, 2 Definitely present | 9, 9 Not evaluated",,,,,,,,,,,,
ftdbvft,ftld_b9f,,dropdown,"22. Does patient meet the criteria for clinical probable or possible bvFTD syndrome?","0, 0 Does not meet criteria for bvFTD | 1, 1 Probable bvFTD | 2, 2 Meets criteria for possible bvFTD and has impaired daily functioning | 3, 3 Meets criteria for possible bvFTD but daily functioning is not impaired",,,,,,,,,,,,
ftdemgpv,ftld_b9f,,dropdown,"23. Was an Electromyogram (EMG) performed at this visit?","0, 0 No | 1, 1 Yes",,,,,,,,,,,,
ftdemgpy,ftld_b9f,,dropdown,"24. Has an EMG been performed in the past year?","0, 0 No | 1, 1 Yes",,,,,,,,,,,,
ftdemgmn,ftld_b9f,,dropdown,"25. IF an EMG was performed, did it show evidence of motor neuron disease?","0, 0 No | 1, 1 Yes | 9, 9 Uncertain",,,,,,,,,,,,
ftdpabvf,ftld_b9f,,dropdown,"26. In patients with a diagnosis of PPA or bvFTD, which diagnosis appeared first?","1, 1 bvFTD | 2, 2 PPA, semantic variant | 3, 3 PPA, nonfluent/agrammatic variant | 4, 4 PPA, Logopenic variant | 5, 5 PPA not otherwise specified | 9, 9 Unknown",,,,,,,,,,,,
