"Variable / Field Name","Form Name","Section Header","Field Type","Field Label","Choices, Calculations, OR Slider Labels","Field Note","Text Validation Type OR Show Slider Number","Text Validation Min","Text Validation Max",Identifier?,"Branching Logic (Show field only if...)","Required Field?","Custom Alignment","Question Number (surveys only)","Matrix Group Name","Matrix Ranking?","Field Annotation"
pacogimp,iv_bl8,,dropdown,"0. Is the participant too cognitively impaired (e.g., CDR>1) to complete this form","0, 0. No | 1, 1. Yes",,,,,,,,,,,,
pansfall,iv_bl8,,dropdown,"1. Had trouble falling asleep when you went to bed at night","0, 0. Not at all | 1, 1. A little | 2, 2. Quite a bit | 3, 3. A lot",,,,,,,,,,,,
panswkof,iv_bl8,,dropdown,"2. Felt that you have woken too often","0, 0. Not at all | 1, 1. A little | 2, 2. Quite a bit | 3, 3. A lot",,,,,,,,,,,,
panslyaw,iv_bl8,,dropdown,"3. Felt that you have been lying awake too long at night","0, 0. Not at all | 1, 1. A little | 2, 2. Quite a bit | 3, 3. A lot",,,,,,,,,,,,
panswker,iv_bl8,,dropdown,"4. Felt that you have woken too early in the morning","0, 0. Not at all | 1, 1. A little | 2, 2. Quite a bit | 3, 3. A lot",,,,,,,,,,,,
panslttl,iv_bl8,,dropdown,"5. Felt you have had too little sleep at night","0, 0. Not at all | 1, 1. A little | 2, 2. Quite a bit | 3, 3. A lot",,,,,,,,,,,,
scparate,iv_bl8,,dropdown,"6. Overall, how well have you slept at night during the past month","1, 1. Very well | 2, 2. Well | 3, 3. Rather well | 4, 4. Not well but not badly | 5, 5. Rather badly | 6, 6. Badly | 7, 7. Very badly",,,,,,,,,,,,
padsunex,iv_bl8,,dropdown,"7. Fallen asleep unexpectedly during the day or in the evening","0, 0. Never | 1, 1. Sometimes | 2, 2. Regularly | 3, 3. Often",,,,,,,,,,,,
padssitp,iv_bl8,,dropdown,"8. Fallen asleep while sitting peacefully","0, 0. Never | 1, 1. Sometimes | 2, 2. Regularly | 3, 3. Often",,,,,,,,,,,,
padswatv,iv_bl8,,dropdown,"9. Fallen asleep while watching TV or reading","0, 0. Never | 1, 1. Sometimes | 2, 2. Regularly | 3, 3. Often",,,,,,,,,,,,
padstalk,iv_bl8,,dropdown,"10. Fallen asleep while talking to someone","0, 0. Never | 1, 1. Sometimes | 2, 2. Regularly | 3, 3. Often",,,,,,,,,,,,
padsawdy,iv_bl8,,dropdown,"11. Had trouble staying awake during the day or in the evening","0, 0. Never | 1, 1. Sometimes | 2, 2. Regularly | 3, 3. Often",,,,,,,,,,,,
padsfldy,iv_bl8,,dropdown,"12. Experienced falling asleep during the day as a problem","0, 0. Never | 1, 1. Sometimes | 2, 2. Regularly | 3, 3. Often",,,,,,,,,,,,
