"Variable / Field Name","Form Name","Section Header","Field Type","Field Label","Choices, Calculations, OR Slider Labels","Field Note","Text Validation Type OR Show Slider Number","Text Validation Min","Text Validation Max",Identifier?,"Branching Logic (Show field only if...)","Required Field?","Custom Alignment","Question Number (surveys only)","Matrix Group Name","Matrix Ranking?","Field Annotation"
lbopolys,ivp_e3l,,dropdown,"1. Has the participant had at least one polysomnography, obtained as part of the current evaluation or a previous evaluation?","0, 0. No or unknown | 1, 1. Yes",,,,,,,y,,,,,
lboposmo,ivp_e3l,,dropdown,"1a1. Date of most recent polysomnography (month)","1, 1 | 2, 2 | 3, 3 | 4, 4 | 5, 5 | 6, 6 | 7, 7 | 8, 8 | 9, 9 | 10, 10 | 11, 11 | 12, 12",,autocomplete,,,,"[lbopolys] = '1'",,,,,,
lboposdy,ivp_e3l,,dropdown,"1a2. Date of most recent polysomnography (day)","1, 1 | 2, 2 | 3, 3 | 4, 4 | 5, 5 | 6, 6 | 7, 7 | 8, 8 | 9, 9 | 10, 10 | 11, 11 | 12, 12 | 13, 13 | 14, 14 | 15, 15 | 16, 16 | 17, 17 | 18, 18 | 19, 19 | 20, 20 | 21, 21 | 22, 22 | 23, 23 | 24, 24 | 25, 25 | 26, 26 | 27, 27 | 28, 28 | 29, 29 | 30, 30 | 31, 31",,autocomplete,,,,"[lbopolys] = '1'",,,,,,
lboposyr,ivp_e3l,,dropdown,"1a3. Date of most recent polysomnography (year)","2000, 2000 | 2001, 2001 | 2002, 2002 | 2003, 2003 | 2004, 2004 | 2005, 2005 | 2006, 2006 | 2007, 2007 | 2008, 2008 | 2009, 2009 | 2010, 2010 | 2011, 2011 | 2012, 2012 | 2013, 2013 | 2014, 2014 | 2015, 2015 | 2016, 2016 | 2017, 2017 | 2018, 2018 | 2019, 2019",,autocomplete,,,,"[lbopolys] = '1'",,,,,,
lbopopos,ivp_e3l,,dropdown,"1b. Was there polysomnographic confirmation of REM sleep without atonia, +/- dream enactment behavior, consistent with LBD, according to your Center's standards for positivity? (REPORT MOST RECENT)","0, 0. No | 1, 1. Yes | 8, 8. Results not available | 9, 9. Unknown",,,,,,"[lbopolys] = '1'",,,,,,
lbopoavl,ivp_e3l,,dropdown,"1c. Is a polysomnography available for data sharing?","0, 0. No or unknown | 1, 1. Yes",,,,,,"[lbopolys] = '1'",,,,,,
lbocmibg,ivp_e3l,,dropdown,"2. Has the participant had at least one cardiac-MIBG scintigraphy, obtained as part of the current evaluation or a previous evaluation?","0, 0. No or unknown | 1, 1. Yes",,,,,,,y,,,,,
lbocmmo,ivp_e3l,,dropdown,"2a1. Date of most recent cardiac-MIBG scinitigraphy (month)","1, 1 | 2, 2 | 3, 3 | 4, 4 | 5, 5 | 6, 6 | 7, 7 | 8, 8 | 9, 9 | 10, 10 | 11, 11 | 12, 12",,autocomplete,,,,"[lbocmibg] = '1'",,,,,,
lbocmdy,ivp_e3l,,dropdown,"2a2. Date of most recent cardiac-MIBG scinitgraphy (day)","1, 1 | 2, 2 | 3, 3 | 4, 4 | 5, 5 | 6, 6 | 7, 7 | 8, 8 | 9, 9 | 10, 10 | 11, 11 | 12, 12 | 13, 13 | 14, 14 | 15, 15 | 16, 16 | 17, 17 | 18, 18 | 19, 19 | 20, 20 | 21, 21 | 22, 22 | 23, 23 | 24, 24 | 25, 25 | 26, 26 | 27, 27 | 28, 28 | 29, 29 | 30, 30 | 31, 31 | 99, 99 Unknown",,autocomplete,,,,"[lbocmibg] = '1'",,,,,,
lbocmyr,ivp_e3l,,dropdown,"2a3. Date of most recent cardiac-MIBG scinitgraphy (year)","2000, 2000 | 2001, 2001 | 2002, 2002 | 2003, 2003 | 2004, 2004 | 2005, 2005 | 2006, 2006 | 2007, 2007 | 2008, 2008 | 2009, 2009 | 2010, 2010 | 2011, 2011 | 2012, 2012 | 2013, 2013 | 2014, 2014 | 2015, 2015 | 2016, 2016 | 2017, 2017 | 2018, 2018 | 2019, 2019",,autocomplete,,,,"[lbocmibg] = '1'",,,,,,
lbocmpos,ivp_e3l,,dropdown,"2b. Were there abnormal (low uptake) MIBG myocardial scintigraphy results consistent with LBD, according to your Center's standards for positivity? (REPORT MOST RECENT)","0, 0. No | 1, 1. Yes | 8, 8. Results not available | 9, 9. Unknown",,autocomplete,,,,"[lbocmibg] = '1'",,,,,,
lbocmavl,ivp_e3l,,dropdown,"2c. Is a cardiac-MIBG available for data sharing?","1, 0. No or unknown | 2, 1. Yes, raw data available | 3, 2. Yes, processed data available | 4, 3. Yes, both raw and processed data available",,,,,,"[lbocmibg] = '1'",,,,,,
lboanos,ivp_e3l,,dropdown,"3. Has the participant had at least one anosmia test, obtained as part of the current evaluation or a previous evaluation?","0, 0. No or unknown | 1, 1. Yes",,autocomplete,,,,,y,,,,,
lboanmo,ivp_e3l,,dropdown,"3a1. Date of most recent anosmia test (month)","1, 1 | 2, 2 | 3, 3 | 4, 4 | 5, 5 | 6, 6 | 7, 7 | 8, 8 | 9, 9 | 10, 10 | 11, 11 | 12, 12",,autocomplete,,,,"[lboanos] = '1'",,,,,,
lboandy,ivp_e3l,,dropdown,"3a2. Date of most recent anosmia test (day)","1, 1 | 2, 2 | 3, 3 | 4, 4 | 5, 5 | 6, 6 | 7, 7 | 8, 8 | 9, 9 | 10, 10 | 11, 11 | 12, 12 | 13, 13 | 14, 14 | 15, 15 | 16, 16 | 17, 17 | 18, 18 | 19, 19 | 20, 20 | 21, 21 | 22, 22 | 23, 23 | 24, 24 | 25, 25 | 26, 26 | 27, 27 | 28, 28 | 29, 29 | 30, 30 | 31, 31 | 99, 99 Unknown",,,,,,"[lboanos] = '1'",,,,,,
lboanyr,ivp_e3l,,dropdown,"3a3. Date of most recent anosmia test (year)","2000, 2000 | 2001, 2001 | 2002, 2002 | 2003, 2003 | 2004, 2004 | 2005, 2005 | 2006, 2006 | 2007, 2007 | 2008, 2008 | 2009, 2009 | 2010, 2010 | 2011, 2011 | 2012, 2012 | 2013, 2013 | 2014, 2014 | 2015, 2015 | 2016, 2016 | 2017, 2017 | 2018, 2018 | 2019, 2019",,autocomplete,,,,"[lboanos] = '1'",,,,,,
lboanpos,ivp_e3l,,dropdown,"3b. Were the anosmia test results consistent with LBD, according to your Center's standards for positivity? (REPORT MOST RECENT)","0, 0. No | 1, 1. Yes | 8, 8. Results not available | 9, 9. Unknown",,,,,,"[lboanos] = '1'",,,,,,
lboanavl,ivp_e3l,,dropdown,"3c. Are anosmia test data available for sharing?","0, 0. No or unknown | 1, 1. Yes",,,,,,"[lboanos] = '1'",,,,,,
lboanver,ivp_e3l,,dropdown,"3d. Which test was done (that is available for sharing)?","1, 1. University of Pennsylvania Smell Identification Test (UPSIT) | 2, 2. Brief-Smell Identification Test (B-SIT) | 3, 3. Sniffin Sticks | 4, 4. Other",,,,,,"[lboanos] = '1' and [lboanavl] = '1'",,,,,,
lboanoth,ivp_e3l,,text,"3d1. Other test",,,,,,,"[lboanos] = '1' and [lboanavl] = '1' and [lboanver] = '4'",,,,,,
lboeeg,ivp_e3l,,dropdown,"4. Has the participant had at least one electroencephalogram, obtained as part of the current evaluation or a previous evaluation?","0, 0. No or unknown | 1, 1. Yes",,,,,,,y,,,,,
lboegmo,ivp_e3l,,dropdown,"4a1. Date of most recent electroencephalogram (month) ","1, 1 | 2, 2 | 3, 3 | 4, 4 | 5, 5 | 6, 6 | 7, 7 | 8, 8 | 9, 9 | 10, 10 | 11, 11 | 12, 12",,autocomplete,,,,"[lboeeg] = '1'",,,,,,
lboegdy,ivp_e3l,,dropdown,"4a2. Date of most recent electroencephalogram (day)","1, 1 | 2, 2 | 3, 3 | 4, 4 | 5, 5 | 6, 6 | 7, 7 | 8, 8 | 9, 9 | 10, 10 | 11, 11 | 12, 12 | 13, 13 | 14, 14 | 15, 15 | 16, 16 | 17, 17 | 18, 18 | 19, 19 | 20, 20 | 21, 21 | 22, 22 | 23, 23 | 24, 24 | 25, 25 | 26, 26 | 27, 27 | 28, 28 | 29, 29 | 30, 30 | 31, 31 | 99, 99 Unknown",,autocomplete,,,,"[lboeeg] = '1'",,,,,,
lboegyr,ivp_e3l,,dropdown,"4a3. Date of most recent electroencephalogram (year)","2000, 2000 | 2001, 2001 | 2002, 2002 | 2003, 2003 | 2004, 2004 | 2005, 2005 | 2006, 2006 | 2007, 2007 | 2008, 2008 | 2009, 2009 | 2010, 2010 | 2011, 2011 | 2012, 2012 | 2013, 2013 | 2014, 2014 | 2015, 2015 | 2016, 2016 | 2017, 2017 | 2018, 2018 | 2019, 2019",,autocomplete,,,,"[lboeeg] = '1'",,,,,,
lboegpos,ivp_e3l,,dropdown,"4b. Was there prominent posterior slow wave activity on EEG with periodic fluctuations in the prealpha/theta range, consistent with LBD, according to your Center's standards for positivity? (REPORT MOST RECENT)","0, 0. No | 1, 1. Yes | 8, 8. Results not available | 9, 9. Unknown",,,,,,"[lboeeg] = '1'",,,,,,
lboegavl,ivp_e3l,,dropdown,"4c. Is an electroencephalogram available for data sharing?","0, 0. No or unknown | 1, 1. Yes, raw data available | 2, 2. Yes, processed data available | 3, 3. Yes, both raw and processed data available",,,,,,"[lboeeg] = '1'",,,,,,
lbomslt,ivp_e3l,,dropdown,"5. Has the participant had at least one MSLT, obtained as part of the current evaluation or a previous evaluation?","0, 0. No or unknown | 1, 1. Yes",,,,,,,y,,,,,
lbomsmo,ivp_e3l,,dropdown,"5a1. Date of most recent MSLT (month)","1, 1 | 2, 2 | 3, 3 | 4, 4 | 5, 5 | 6, 6 | 7, 7 | 8, 8 | 9, 9 | 10, 10 | 11, 11 | 12, 12",,autocomplete,,,,"[lbomslt] = '1'",,,,,,
lbomsdy,ivp_e3l,,dropdown,"5a2. Date of most recent MSLT (day)","1, 1 | 2, 2 | 3, 3 | 4, 4 | 5, 5 | 6, 6 | 7, 7 | 8, 8 | 9, 9 | 10, 10 | 11, 11 | 12, 12 | 13, 13 | 14, 14 | 15, 15 | 16, 16 | 17, 17 | 18, 18 | 19, 19 | 20, 20 | 21, 21 | 22, 22 | 23, 23 | 24, 24 | 25, 25 | 26, 26 | 27, 27 | 28, 28 | 29, 29 | 30, 30 | 31, 31 | 99, 99 Unknown",,autocomplete,,,,"[lbomslt] = '1'",,,,,,
lbomsyr,ivp_e3l,,dropdown,"5a3. Date of most recent MSLT (year)","2000, 2000 | 2001, 2001 | 2002, 2002 | 2003, 2003 | 2004, 2004 | 2005, 2005 | 2006, 2006 | 2007, 2007 | 2008, 2008 | 2009, 2009 | 2010, 2010 | 2011, 2011 | 2012, 2012 | 2013, 2013 | 2014, 2014 | 2015, 2015 | 2016, 2016 | 2017, 2017 | 2018, 2018 | 2019, 2019",,autocomplete,,,,"[lbomslt] = '1'",,,,,,
lbomspos,ivp_e3l,,dropdown,"5b. Were the MSLT results consistent with LBD, according to your Center's standards for positivity? (REPORT MOST RECENT)","0, 0. No | 1, 1. Yes | 8, 8. Results not available | 9, 9. Unknown",,,,,,"[lbomslt] = '1'",,,,,,
lbomsavl,ivp_e3l,,dropdown,"5c. Are MSLT data available for sharing?","0, 0. No or unknown | 1, 1. Yes",,,,,,"[lbomslt] = '1'",,,,,,
lbotilt,ivp_e3l,,dropdown,"6. Has the participant had at least one tilt table test, obtained as part of the current evaluation or a previous evaluation?","0, 0. No or unknown | 1, 1. Yes",,,,,,,y,,,,,
lbotlmo,ivp_e3l,,dropdown,"6a1. Date of most recent tilt table test (month)","1, 1 | 2, 2 | 3, 3 | 4, 4 | 5, 5 | 6, 6 | 7, 7 | 8, 8 | 9, 9 | 10, 10 | 11, 11 | 12, 12",,autocomplete,,,,"[lbotilt] = '1'",,,,,,
lbotldy,ivp_e3l,,dropdown,"6a2. Date of most recent tilt table test (day)","1, 1 | 2, 2 | 3, 3 | 4, 4 | 5, 5 | 6, 6 | 7, 7 | 8, 8 | 9, 9 | 10, 10 | 11, 11 | 12, 12 | 13, 13 | 14, 14 | 15, 15 | 16, 16 | 17, 17 | 18, 18 | 19, 19 | 20, 20 | 21, 21 | 22, 22 | 23, 23 | 24, 24 | 25, 25 | 26, 26 | 27, 27 | 28, 28 | 29, 29 | 30, 30 | 31, 31 | 99, 99 Unknown",,autocomplete,,,,"[lbotilt] = '1'",,,,,,
lbotlyr,ivp_e3l,,dropdown,"6a3. Date of most recent table tilt test (year)","2000, 2000 | 2001, 2001 | 2002, 2002 | 2003, 2003 | 2004, 2004 | 2005, 2005 | 2006, 2006 | 2007, 2007 | 2008, 2008 | 2009, 2009 | 2010, 2010 | 2011, 2011 | 2012, 2012 | 2013, 2013 | 2014, 2014 | 2015, 2015 | 2016, 2016 | 2017, 2017 | 2018, 2018 | 2019, 2019",,autocomplete,,,,"[lbotilt] = '1'",,,,,,
lbotlpos,ivp_e3l,,dropdown,"6b. Were the tilt table test results consistent with LBD, according to your Center's standards for positivity? (REPORT MOST RECENT)","0, 0. No | 1, 1. Yes | 8, 8. Results not available | 9, 9. Unknown",,,,,,"[lbotilt] = '1'",,,,,,
lbotlavl,ivp_e3l,,dropdown,"6c. Are tilt table test data available for sharing?","0, 0. No or unknown | 1, 1. Yes",,,,,,"[lbotilt] = '1'",,,,,,
lboqsart,ivp_e3l,,dropdown,"7. Has the participant had at least one QSART, obtained as part of the current evaluation or a previous evaluation?","0, 0. No or unknown | 1, 1. Yes",,,,,,,y,,,,,
lboqsmo,ivp_e3l,,dropdown,"7a1. Date of most recent QSART (month)","1, 1 | 2, 2 | 3, 3 | 4, 4 | 5, 5 | 6, 6 | 7, 7 | 8, 8 | 9, 9 | 10, 10 | 11, 11 | 12, 12",,autocomplete,,,,"[lboqsart] = '1'",,,,,,
lboqsdy,ivp_e3l,,dropdown,"7a2. Date of most recent QSART (day)","1, 1 | 2, 2 | 3, 3 | 4, 4 | 5, 5 | 6, 6 | 7, 7 | 8, 8 | 9, 9 | 10, 10 | 11, 11 | 12, 12 | 13, 13 | 14, 14 | 15, 15 | 16, 16 | 17, 17 | 18, 18 | 19, 19 | 20, 20 | 21, 21 | 22, 22 | 23, 23 | 24, 24 | 25, 25 | 26, 26 | 27, 27 | 28, 28 | 29, 29 | 30, 30 | 31, 31 | 99, 99 Unknown",,autocomplete,,,,"[lboqsart] = '1'",,,,,,
lboqsyr,ivp_e3l,,dropdown,"7a3. Date of most recent QSART (year)","2000, 2000 | 2001, 2001 | 2002, 2002 | 2003, 2003 | 2004, 2004 | 2005, 2005 | 2006, 2006 | 2007, 2007 | 2008, 2008 | 2009, 2009 | 2010, 2010 | 2011, 2011 | 2012, 2012 | 2013, 2013 | 2014, 2014 | 2015, 2015 | 2016, 2016 | 2017, 2017 | 2018, 2018 | 2019, 2019",,autocomplete,,,,"[lboqsart] = '1'",,,,,,
lboqspos,ivp_e3l,,dropdown,"7b. Were the QSART results consistent with LBD, according to your Center's standards for positivity? (REPORT MOST RECENT)","0, 0. No | 1, 1. Yes | 8, 8. Results not available | 9, 9. Unknown",,,,,,"[lboqsart] = '1'",,,,,,
lbosgavl,ivp_e3l,,dropdown,"7c. Are QSART data available for sharing?","0, 0. No or unknown | 1, 1. Yes",,,,,,"[lboqsart] = '1'",,,,,,
lbotherm,ivp_e3l,,dropdown,"8. Has the participant had at least one thermoregulatory sweat test, obtained as part of the current evaluation or a previous evaluation?","0, 0. No or unknown | 1, 1. Yes",,,,,,,y,,,,,
lbothmo,ivp_e3l,,dropdown,"8a1. Date of most recent thermoregulatory sweat test (month)","1, 1 | 2, 2 | 3, 3 | 4, 4 | 5, 5 | 6, 6 | 7, 7 | 8, 8 | 9, 9 | 10, 10 | 11, 11 | 12, 12",,autocomplete,,,,"[lbotherm] = '1'",,,,,,
lbothdy,ivp_e3l,,dropdown,"8a2. Date of most recent thermoregulatory sweat test (day)","1, 1 | 2, 2 | 3, 3 | 4, 4 | 5, 5 | 6, 6 | 7, 7 | 8, 8 | 9, 9 | 10, 10 | 11, 11 | 12, 12 | 13, 13 | 14, 14 | 15, 15 | 16, 16 | 17, 17 | 18, 18 | 19, 19 | 20, 20 | 21, 21 | 22, 22 | 23, 23 | 24, 24 | 25, 25 | 26, 26 | 27, 27 | 28, 28 | 29, 29 | 30, 30 | 31, 31 | 99, 99 Unknown",,autocomplete,,,,"[lbotherm] = '1'",,,,,,
lbothyr,ivp_e3l,,dropdown,"8a3. Date of most recent thermoregulatory sweat test (year)","2000, 2000 | 2001, 2001 | 2002, 2002 | 2003, 2003 | 2004, 2004 | 2005, 2005 | 2006, 2006 | 2007, 2007 | 2008, 2008 | 2009, 2009 | 2010, 2010 | 2011, 2011 | 2012, 2012 | 2013, 2013 | 2014, 2014 | 2015, 2015 | 2016, 2016 | 2017, 2017 | 2018, 2018 | 2019, 2019",,autocomplete,,,,"[lbotherm] = '1'",,,,,,
lbothpos,ivp_e3l,,dropdown,"8b. Were the thermoregulatory sweat test results consistent with LBD, according to your Center's standards for positivity? (REPORT MOST RECENT)","0, 0. No | 1, 1. Yes | 8, 8. Results not available | 9, 9. Unknown",,,,,,"[lbotherm] = '1'",,,,,,
lbothavl,ivp_e3l,,dropdown,"8c. Are thermoregulatory sweat test data available for sharing?","0, 0. No or unknown | 1, 1. Yes",,,,,,"[lbotherm] = '1'",,,,,,
lbocgait,ivp_e3l,,dropdown,"9. Has the participant had at least one computerized gait testing, obtained as part of the current evaluation or a previous evaluation?","0, 0. No or unknown | 1, 1. Yes",,,,,,,y,,,,,
lbocgmo,ivp_e3l,,dropdown,"9a1. Date of most recent computerized gait testing (month)","1, 1 | 2, 2 | 3, 3 | 4, 4 | 5, 5 | 6, 6 | 7, 7 | 8, 8 | 9, 9 | 10, 10 | 11, 11 | 12, 12",,autocomplete,,,,"[lbocgait] = '1'",,,,,,
lbocgdy,ivp_e3l,,dropdown,"9a2. Date of most recent computerized gait testing (day)","1, 1 | 2, 2 | 3, 3 | 4, 4 | 5, 5 | 6, 6 | 7, 7 | 8, 8 | 9, 9 | 10, 10 | 11, 11 | 12, 12 | 13, 13 | 14, 14 | 15, 15 | 16, 16 | 17, 17 | 18, 18 | 19, 19 | 20, 20 | 21, 21 | 22, 22 | 23, 23 | 24, 24 | 25, 25 | 26, 26 | 27, 27 | 28, 28 | 29, 29 | 30, 30 | 31, 31 | 99, 99 Unknown",,autocomplete,,,,"[lbocgait] = '1'",,,,,,
lbocgyr,ivp_e3l,,dropdown,"9a3. Date of most recent computerized gait testing (year)","2000, 2000 | 2001, 2001 | 2002, 2002 | 2003, 2003 | 2004, 2004 | 2005, 2005 | 2006, 2006 | 2007, 2007 | 2008, 2008 | 2009, 2009 | 2010, 2010 | 2011, 2011 | 2012, 2012 | 2013, 2013 | 2014, 2014 | 2015, 2015 | 2016, 2016 | 2017, 2017 | 2018, 2018 | 2019, 2019",,autocomplete,,,,"[lbocgait] = '1'",,,,,,
lbocgpos,ivp_e3l,,dropdown,"9b. Were the computerized gait testing results consistent with LBD, according to your Center's standards for positivity? (REPORT MOST RECENT)","0, 0. No | 1, 1. Yes | 8, 8. Results not available | 9, 9. Unknown",,,,,,"[lbocgait] = '1'",,,,,,
lbocgavl,ivp_e3l,,dropdown,"9c. Are computerized gait testing data available for sharing?","0, 0. No or unknown | 1, 1. Yes, raw data available | 2, 2. Yes, processed data available | 3, 3. Yes, both raw and processed data available",,,,,,"[lbocgait] = '1'",,,,,,
