﻿"Variable / Field Name","Form Name","Section Header","Field Type","Field Label","Choices, Calculations, OR Slider Labels","Field Note","Text Validation Type OR Show Slider Number","Text Validation Min","Text Validation Max",Identifier?,"Branching Logic (Show field only if...)","Required Field?","Custom Alignment","Question Number (surveys only)","Matrix Group Name","Matrix Ranking?","Field Annotation"
b5_instructions,b5_neuropsychiatric_inventory_questionnaire_npiq,,descriptive,"<div class=""rich-text-field-label""><p><em>INSTRUCTIONS<span style=""font-weight: normal;"">: This form is to be completed by the clinician or other trained health professional based on co-participant interview, as described by the training video. (This is not to be completed by the participant as a paper-and-pencil self-report.) For information on NPI-Q Interviewer Certification, see <a href=""https://files.alz.washington.edu/documentation/uds4-ivp-b5.pdf"" target=""_blank"" rel=""noopener"">UDS Coding Guidebook for Initial Visit Packet, Form B5</a>. </span></em></p> <p><em><span style=""font-weight: normal;"">Check only <span style=""text-decoration: underline;"">one</span> box for each category of response.</span></em></p> <p> </p> <table style=""border-collapse: collapse; width: 100%; height: 213.8px; border-color: #3598DB; border-style: solid;"" border=""2""> <tbody> <tr style=""height: 213.8px;""> <td style=""width: 100%; height: 213.8px;""> <div class=""page"" title=""Page 1""> <div class=""section""> <div class=""layoutArea""> <div class=""column""> <p><span style=""font-weight: normal;"">Please answer the following questions based on <span style=""text-decoration: underline;"">changes</span> that have occurred since the patient first began to experience memory (i.e., cognitive) problems. </span>Select 1=Yes <span style=""text-decoration: underline;"">only</span> if the symptom(s) has been present <span style=""text-decoration: underline;"">in the last month</span>. Otherwise, select 0=No.<span style=""font-weight: normal;""> <em>(NOTE: for the UDS, please administer the NPI-Q to all participants.)</em></span></p> <p><span style=""font-weight: normal;"">For each item marked </span>1=Yes<span style=""font-weight: normal;"">, rate the SEVERITY of the symptom (how it affects the patient):<br /><br /></span><span style=""font-weight: normal;"">1=</span>Mild<span style=""font-weight: normal;""> (noticeable, but not a significant change)</span></p> <p><span style=""font-weight: normal;"">2=</span>Moderate<span style=""font-weight: normal;""> (significant, but not a dramatic change)</span></p> <p><span style=""font-weight: normal;"">3=</span>Severe<span style=""font-weight: normal;""> (very marked or prominent; a dramatic change)<br /><br /></span></p> </div> </div> </div> </div> </td> </tr> </tbody> </table></div>",,,,,,,,,,,,,
npiqinf,b5_neuropsychiatric_inventory_questionnaire_npiq,,radio,"NPI CO-PARTICIPANT:","1, Spouse|2, Child|3, Other {npiqinfx}",,,,,,,,,1,,,
npiqinfx,b5_neuropsychiatric_inventory_questionnaire_npiq,,text,"<div class=""rich-text-field-label""><p><span style=""font-weight: normal;"">Other:</span></p></div>",,,,,,,"[npiqinf] = '3'",,,,,," @PLACEHOLDER='SPECIFY'"
del,b5_neuropsychiatric_inventory_questionnaire_npiq,,radio,"<div class=""rich-text-field-label""><p>Delusions -- <span style=""font-weight: normal;"">Does the patient have false beliefs, such as thinking that others are stealing from him/her or planning to harm him/her in some way?</span></p></div>","1, Yes | 0, No | 9, Unknown",,,,,,,,,2a.,,,
delsev,b5_neuropsychiatric_inventory_questionnaire_npiq,,radio,Severity,"1, Mild|2, Moderate|3, Severe|9, Unknown",,,,,,"[del] = '1'",,,2b.,,,
hall,b5_neuropsychiatric_inventory_questionnaire_npiq,,radio,"<div class=""rich-text-field-label""><p>Hallucinations <span style=""font-weight: normal;"">-- Does the patient have hallucinations such as false visions or voices? Does he or she seem to hear or see things that are not present?</span></p></div>","1, Yes|0, No|9, Unknown",,,,,,,,,3a.,,,
hallsev,b5_neuropsychiatric_inventory_questionnaire_npiq,,radio,Severity,"1, Mild|2, Moderate|3, Severe|9, Unknown",,,,,,"[hall] = '1'",,,3b.,,,
agit,b5_neuropsychiatric_inventory_questionnaire_npiq,,radio,"<div class=""rich-text-field-label""><p>Agitation/aggression<span style=""font-weight: normal;""> -- Is the patient resistive to help from others at times, or hard to handle?</span></p></div>","1, Yes|0, No|9, Unknown",,,,,,,,,4a.,,,
agitsev,b5_neuropsychiatric_inventory_questionnaire_npiq,,radio,Severity,"1, Mild|2, Moderate|3, Severe|9, Unknown",,,,,,"[agit] = '1'",,,4b.,,,
depd,b5_neuropsychiatric_inventory_questionnaire_npiq,,radio,"<div class=""rich-text-field-label""><p>Depression/dysphoria <span style=""font-weight: normal;"">-- Does the patient seem sad or say that he/she is depressed?</span></p></div>","1, Yes|0, No|9, Unknown",,,,,,,,,5a.,,,
depdsev,b5_neuropsychiatric_inventory_questionnaire_npiq,,radio,Severity,"1, Mild|2, Moderate|3, Severe|9, Unknown",,,,,,"[depd] = '1'",,,5b.,,,
anx,b5_neuropsychiatric_inventory_questionnaire_npiq,,radio,"<div class=""rich-text-field-label""><p>Anxiety <span style=""font-weight: normal;"">-- Does the patient become upset when separated from you? Does he/she have any other signs of nervousness such as shortness of breath, sighing, being unable to relax, or feeling excessively tense?</span></p></div>","1, Yes | 0, No | 9, Unknown",,,,,,,,,6a.,,,
anxsev,b5_neuropsychiatric_inventory_questionnaire_npiq,,radio,Severity,"1, Mild|2, Moderate|3, Severe|9, Unknown",,,,,,"[anx] = '1'",,,6b.,,,
elat,b5_neuropsychiatric_inventory_questionnaire_npiq,,radio,"<div class=""rich-text-field-label""><p>Elation/euphoria <span style=""font-weight: normal;"">-- Does the patient appear to feel too good or act excessively happy?</span></p></div>","1, Yes|0, No|9, Unknown",,,,,,,,,7a.,,,
elatsev,b5_neuropsychiatric_inventory_questionnaire_npiq,,radio,Severity,"1, Mild|2, Moderate|3, Severe|9, Unknown",,,,,,"[elat] = '1'",,,7b.,,,
apa,b5_neuropsychiatric_inventory_questionnaire_npiq,,radio,"<div class=""rich-text-field-label""><p>Apathy/indifference <span style=""font-weight: normal;"">-- Does the patient seem less interested in his/her usual activities or in the activities and plans of others?</span></p></div>","1, Yes|0, No|9, Unknown",,,,,,,,,8a.,,,
apasev,b5_neuropsychiatric_inventory_questionnaire_npiq,,radio,Severity,"1, Mild|2, Moderate|3, Severe|9, Unknown",,,,,,"[apa] = '1'",,,8b.,,,
disn,b5_neuropsychiatric_inventory_questionnaire_npiq,,radio,"<div class=""rich-text-field-label""><p>Disinhibition <span style=""font-weight: normal;"">-- Does the patient seem to act impulsively, for example, talking to strangers as if he/she knows them, or saying things that may hurt people's feelings?</span></p></div>","1, Yes|0, No|9, Unknown",,,,,,,,,9a.,,,
disnsev,b5_neuropsychiatric_inventory_questionnaire_npiq,,radio,Severity,"1, Mild|2, Moderate|3, Severe|9, Unknown",,,,,,"[disn] = '1'",,,9b.,,,
irr,b5_neuropsychiatric_inventory_questionnaire_npiq,,radio,"<div class=""rich-text-field-label""><p>Irritability/lability <span style=""font-weight: normal;"">-- Is the patient impatient and cranky? Does he/she have difficulty coping with delays or waiting for planned activities?</span> </p></div>","1, Yes|0, No|9, Unknown",,,,,,,,,10a.,,,
irrsev,b5_neuropsychiatric_inventory_questionnaire_npiq,,radio,Severity,"1, Mild|2, Moderate|3, Severe|9, Unknown",,,,,,"[irr] = '1'",,,10b.,,,
mot,b5_neuropsychiatric_inventory_questionnaire_npiq,,radio,"<div class=""rich-text-field-label""><p>Motor disturbance <span style=""font-weight: normal;"">-- Does the patient engage in repetitive activities such as pacing around the house, handling buttons, wrapping string, or doing other things repeatedly?</span></p></div>","1, Yes|0, No|9, Unknown",,,,,,,,,11a.,,,
motsev,b5_neuropsychiatric_inventory_questionnaire_npiq,,radio,Severity,"1, Mild|2, Moderate|3, Severe|9, Unknown",,,,,,"[mot] = '1'",,,11b.,,,
nite,b5_neuropsychiatric_inventory_questionnaire_npiq,,radio,"<div class=""rich-text-field-label""><p>Nighttime behaviors <span style=""font-weight: normal;"">-- Does the patient awaken you during the night, rise too early in the morning, or take excessive naps during the day?</span></p></div>","1, Yes|0, No|9, Unknown",,,,,,,,,12a.,,,
nitsev,b5_neuropsychiatric_inventory_questionnaire_npiq,,radio,Severity,"1, Mild|2, Moderate|3, Severe|9, Unknown",,,,,,"[nite] = '1'",,,12b.,,,
app,b5_neuropsychiatric_inventory_questionnaire_npiq,,radio,"<div class=""rich-text-field-label""><p>Appetite/eating <span style=""font-weight: normal;"">-- Has the patient lost or gained weight, or had a change in the type of food he/she likes?</span></p></div>","1, Yes|0, No|9, Unknown",,,,,,,,,13a.,,,
appsev,b5_neuropsychiatric_inventory_questionnaire_npiq,,radio,Severity,"1, Mild|2, Moderate|3, Severe|9, Unknown",,,,,,"[app] = '1'",,,13b.,,,
b5_copyright,b5_neuropsychiatric_inventory_questionnaire_npiq,,descriptive,"<div class=""rich-text-field-label""><hr /> <p><span style=""font-weight: normal;"">""NPI-Q"" Copyright© Jeffrey L. Cummings, MD. Reproduced by permission.</span></p></div>",,,,,,,,,,,,,
