"Variable / Field Name","Form Name","Section Header","Field Type","Field Label","Choices, Calculations, OR Slider Labels","Field Note","Text Validation Type OR Show Slider Number","Text Validation Min","Text Validation Max",Identifier?,"Branching Logic (Show field only if...)","Required Field?","Custom Alignment","Question Number (surveys only)","Matrix Group Name","Matrix Ranking?","Field Annotation"
ftdrelco,ftld_a3a,"Form A3A Record of Consent for Biologic Specimen Use",dropdown,"1. What relative consent is being recorded on this form","1, 1 Mother | 2, 2 Father | 3, 3 Sibling | 4, 4 Child",,,,,,,,,,,,
ftdsibby,ftld_a3a,,text,"1. Siblings birth year",1885||2000,,,,,,,,,,,,
ftdchdby,ftld_a3a,,text,"1. Childs birth year",1920||2000,,,,,,,,,,,,
ftdstore,ftld_a3a,,dropdown,"1a. I permit my sample to be stored and used in future research of neurologic diseas","0, 0 No | 1, 1 Yes",,,,,,,,,,,,
ftdslear,ftld_a3a,,dropdown,"1b. I permit my sample to be stored and used in future research to learn about, prev","0, 0 No | 1, 1 Yes",,,,,,,,,,,,
ftdcomme,ftld_a3a,,dropdown,"1c. There is a small chance that some commercial value may result from my sample at","0, 0 No | 1, 1 Yes",,,,,,,,,,,,
