"Variable / Field Name","Form Name","Section Header","Field Type","Field Label","Choices, Calculations, OR Slider Labels","Field Note","Text Validation Type OR Show Slider Number","Text Validation Min","Text Validation Max",Identifier?,"Branching Logic (Show field only if...)","Required Field?","Custom Alignment","Question Number (surveys only)","Matrix Group Name","Matrix Ranking?","Field Annotation"
lbcdscog,d1l,,dropdown,"1. Is an acquired disorder of cognition a prominent element of the clinical presentation of the participant? (i.e., at least one of the characteristics described in Questions 1a-1e is ""Definitely present."")","0, 0. No | 1, 1. Yes",,,,,,,y,,,,,
lbccmem,d1l,,dropdown,"1a. Episodic memory deficits","0, 0. Absent | 1, 1. Questionably present | 2, 2. Definitely present | 8, 8. Not evaluated",,,,,,"[lbcdscog] = '1'",,,,,,
lbcclang,d1l,,dropdown,"1b. Language deficits","0, 0. Absent | 1, 1. Questionably present | 2, 2. Definitely present | 8, 8. Not evaluated",,,,,,"[lbcdscog] = '1'",,,,,,
lbccatt,d1l,,dropdown,"1c. Attention deficits","0, 0. Absent | 1, 1. Questionably present | 2, 2. Definitely present | 8, 8. Not evaluated",,,,,,"[lbcdscog] = '1'",,,,,,
lbccexde,d1l,,dropdown,"1d. Executive deficits","0, 0. Absent | 1, 1. Questionably present | 2, 2. Definitely present | 8, 8. Not evaluated",,,,,,"[lbcdscog] = '1'",,,,,,
lbccvis,d1l,,dropdown,"1e. Visuoperceptual deficits","0, 0. Absent | 1, 1. Questionably present | 2, 2. Definitely present | 8, 8. Not evaluated",,,,,,"[lbcdscog] = '1'",,,,,,
lbcdsmov,d1l,,dropdown,"2. Is an acquired disorder of movement a prominent element of the clinical presentation of the participant? (i.e, at least one of the characteristics described in Questions 2a-2h is ""Definitely present."")","0, 0. No | 1, 1. Yes",,,,,,,y,,,,,
lbcmbrad,d1l,,dropdown,"2a. Bradykinesia","0, 0. Absent | 1, 1. Questionably present | 2, 2. Definitely present | 8, 8. Not evaluated",,,,,,"[lbcdsmov] = '1'",,,,,,
lbcmrigd,d1l,,dropdown,"2b. Rigidity (with or without cogwheel characteristics)","0, 0. Absent | 1, 1. Questionably present | 2, 2. Definitely present | 8, 8. Not evaluated",,,,,,"[lbcdsmov] = '1'",,,,,,
lbcmrtrm,d1l,,dropdown,"2c. Rest tremor","0, 0. Absent | 1, 1. Questionably present | 2, 2. Definitely present | 8, 8. Not evaluated",,,,,,"[lbcdsmov] = '1'",,,,,,
lbcmptrm,d1l,,dropdown,"2d. Postural tremor","0, 0. Absent | 1, 1. Questionably present | 2, 2. Definitely present | 8, 8. Not evaluated",,,,,,"[lbcdsmov] = '1'",,,,,,
lbcmatrm,d1l,,dropdown,"2e. Action tremor","0, 0. Absent | 1, 1. Questionably present | 2, 2. Definitely present | 8, 8. Not evaluated",,,,,,"[lbcdsmov] = '1'",,,,,,
lbcmmyoc,d1l,,dropdown,"2f. Myoclonus","0, 0. Absent | 1, 1. Questionably present | 2, 2. Definitely present | 8, 8. Not evaluated",,,,,,"[lbcdsmov] = '1'",,,,,,
lbcmgait,d1l,,dropdown,"2g. Gait abnormality","0, 0. Absent | 1, 1. Questionably present | 2, 2. Definitely present | 8, 8. Not evaluated",,,,,,"[lbcdsmov] = '1'",,,,,,
lbcmpins,d1l,,dropdown,"2h. Postural instability","0, 0. Absent | 1, 1. Questionably present | 2, 2. Definitely present | 8, 8. Not evaluated",,,,,,"[lbcdsmov] = '1'",,,,,,
lbcdsbev,d1l,,dropdown,"3. Is an acquired disorder of behavior a prominent element of the clinical presentation of the participant? (i.e., at least one of the characteristics described in Questions 3a-3e is ""Definitely present."")","0, 0. No | 1, 1. Yes",,,,,,,y,,,,,
lbcbdep,d1l,,dropdown,"3a. Depression","0, 0. Absent | 1, 1. Questionably present | 2, 2. Definitely present | 8, 8. Not evaluated",,,,,,"[lbcdsbev] = '1'",,,,,,
lbcbapa,d1l,,dropdown,"3b. Apathy","0, 0. Absent | 1, 1. Questionably present | 2, 2. Definitely present | 8, 8. Not evaluated",,,,,,"[lbcdsbev] = '1'",,,,,,
lbcbanx,d1l,,dropdown,"3c. Anxiety","0, 0. Absent | 1, 1. Questionably present | 2, 2. Definitely present | 8, 8. Not evaluated",,,,,,"[lbcdsbev] = '1'",,,,,,
lbcbhall,d1l,,dropdown,"3d. Hallucinations","0, 0. Absent | 1, 1. Questionably present | 2, 2. Definitely present | 8, 8. Not evaluated",,,,,,"[lbcdsbev] = '1'",,,,,,
lbcbdel,d1l,,dropdown,"3e. Delusions","0, 0. Absent | 1, 1. Questionably present | 2, 2. Definitely present | 8, 8. Not evaluated",,,,,,"[lbcdsbev] = '1'",,,,,,
lbcdsaut,d1l,,dropdown,"4. Is an acquired disorder of autonomic or constitutional features a prominent element of the clinical presentation of the participant? (i.e., at least one of the characteristics described in Questions 4a-4l is ""Definitely present."")","0, 0. No | 1, 1. Yes",,,,,,,y,,,,,
lbcarem,d1l,,dropdown,"4a. REM sleep behavior disorder","0, 0. Absent | 1, 1. Questionably present | 2, 2. Definitely present | 8, 8. Not evaluated",,,,,,"[lbcdsaut] = '1'",,,,,,
lbcaapn,d1l,,dropdown,"4b. Obstructive sleep apnea","0, 0. Absent | 1, 1. Questionably present | 2, 2. Definitely present | 8, 8. Not evaluated",,,,,,"[lbcdsaut] = '1'",,,,,,
lbcalgsl,d1l,,dropdown,"4c. Periodic leg movements of sleep","0, 0. Absent | 1, 1. Questionably present | 2, 2. Definitely present | 8, 8. Not evaluated",,,,,,"[lbcdsaut] = '1'",,,,,,
lbcarsle,d1l,,dropdown,"4d. Restless leg syndrome","0, 0. Absent | 1, 1. Questionably present | 2, 2. Definitely present | 8, 8. Not evaluated",,,,,,"[lbcdsaut] = '1'",,,,,,
lbcadtsl,d1l,,dropdown,"4e. Excessive daytime sleepiness","0, 0. Absent | 1, 1. Questionably present | 2, 2. Definitely present | 8, 8. Not evaluated",,,,,,"[lbcdsaut] = '1'",,,,,,
lbcacgfl,d1l,,dropdown,"4f. Cognitive fluctuations","0, 0. Absent | 1, 1. Questionably present | 2, 2. Definitely present | 8, 8. Not evaluated",,,,,,"[lbcdsaut] = '1'",,,,,,
lbcahypt,d1l,,dropdown,"4g. Orthostatic hypotension","0, 0. Absent | 1, 1. Questionably present | 2, 2. Definitely present | 8, 8. Not evaluated",,,,,,"[lbcdsaut] = '1'",,,,,,
lbcacons,d1l,,dropdown,"4h. Constipation","0, 0. Absent | 1, 1. Questionably present | 2, 2. Definitely present | 8, 8. Not evaluated",,,,,,"[lbcdsaut] = '1'",,,,,,
lbcahyps,d1l,,dropdown,"4i. Hyposmia","0, 0. Absent | 1, 1. Questionably present | 2, 2. Definitely present | 8, 8. Not evaluated",,,,,,"[lbcdsaut] = '1'",,,,,,
lbcafall,d1l,,dropdown,"4j. Falls","0, 0. Absent | 1, 1. Questionably present | 2, 2. Definitely present | 8, 8. Not evaluated",,,,,,"[lbcdsaut] = '1'",,,,,,
lbcasync,d1l,,dropdown,"4k. Syncope","0, 0. Absent | 1, 1. Questionably present | 2, 2. Definitely present | 8, 8. Not evaluated",,,,,,"[lbcdsaut] = '1'",,,,,,
lbcasnap,d1l,,dropdown,"4l. Severe sensitivity to anti-psychotic agents","0, 0. Absent | 1, 1. Questionably present | 2, 2. Definitely present | 8, 8. Not evaluated",,,,,,"[lbcdsaut] = '1'",,,,,,
lbcogst,d1l,,dropdown,"5. What is the participant's cognitive status?","1, 1. Normal cognition | 2, 2. Cognitively impaired, not MCI | 3, 3. MCI | 4, 4. Dementia",,,,,,,y,,,,,
lbcogdx,d1l,,dropdown,"6. Which etiologic diagnosis best characterizes the participant?","1, 1. Dementia with Lewy bodies | 2, 2. Parkinson's disease | 3, 3. Alzheimer's disease | 4, 4. Vascular disease | 5, 5. FTLD | 6, 6. Other | 8, 8. Not applicable - no neurodegenerative disease and no cognitive impairment",,,,,,,y,,,,,
