"Variable / Field Name","Form Name","Section Header","Field Type","Field Label","Choices, Calculations, OR Slider Labels","Field Note","Text Validation Type OR Show Slider Number","Text Validation Min","Text Validation Max",Identifier?,"Branching Logic (Show field only if...)","Required Field?","Custom Alignment","Question Number (surveys only)","Matrix Group Name","Matrix Ranking?","Field Annotation"
ftdidiag,ftld_e3f,"Form E3F Imaging in Diagnosis",dropdown,"1. Was imaging obtained as part of this visit for use in diagnosis?","0, 0 No | 1, 1 Yes",,,,,,,,,,,,
ftdsmrio,ftld_e3f,,dropdown,"2. Structural MRI imaging","0, 0 No | 1, 1 Yes",,,,,,,,,,,,
ftdmrifa,ftld_e3f,,dropdown,"2a. Was focal atrophy appreciated by visual inspection","0, 0 No | 1, 1 Yes | 9, 9 Unknown",,,,,,,,,,,,
ftdmrirf,ftld_e3f,,dropdown,"2a1. Right frontal lobe?","0, 0 No | 1, 1 Yes | 9, 9 Unknown",,,,,,,,,,,,
ftdmrilf,ftld_e3f,,dropdown,"2a2. Left frontal lobe?","0, 0 No | 1, 1 Yes | 9, 9 Unknown",,,,,,,,,,,,
ftdmrirt,ftld_e3f,,dropdown,"2a3. Right temporal Lobe?","0, 0 No | 1, 1 Yes | 9, 9 Unknown",,,,,,,,,,,,
ftdmrilt,ftld_e3f,,dropdown,"2a4. Left temporal Lobe?","0, 0 No | 1, 1 Yes | 9, 9 Unknown",,,,,,,,,,,,
ftdmrirm,ftld_e3f,,dropdown,"2a5. Right medial temporal Lobe?","0, 0 No | 1, 1 Yes | 9, 9 Unknown",,,,,,,,,,,,
ftdmrilm,ftld_e3f,,dropdown,"2a6. Left medial temporal Lobe?","0, 0 No | 1, 1 Yes | 9, 9 Unknown",,,,,,,,,,,,
ftdmrirp,ftld_e3f,,dropdown,"2a7. Right parietal lobe?","0, 0 No | 1, 1 Yes | 9, 9 Unknown",,,,,,,,,,,,
ftdmrilp,ftld_e3f,,dropdown,"2a8. Left parietal lobe?","0, 0 No | 1, 1 Yes | 9, 9 Unknown",,,,,,,,,,,,
ftdmrirb,ftld_e3f,,dropdown,"2a9. Right basal ganglia?","0, 0 No | 1, 1 Yes | 9, 9 Unknown",,,,,,,,,,,,
ftdmrilb,ftld_e3f,,dropdown,"2a10. Left basal ganglia?","0, 0 No | 1, 1 Yes | 9, 9 Unknown",,,,,,,,,,,,
ftdmriob,ftld_e3f,,dropdown,"2a11. Other area of the brain (specify below)?","0, 0 No | 1, 1 Yes | 9, 9 Unknown",,,,,,,,,,,,
ftdmrios,ftld_e3f,,text,"2a11a. Other area of brain specification",,,,,,,,,,,,,
ftdfdgpe,ftld_e3f,,dropdown,"3. FDG-PET imaging","0, 0 No | 1, 1 Yes",,,,,,,,,,,,
ftdfdgfh,ftld_e3f,,dropdown,"3a. Was focal hypometabolism appreciated by visual inspection?","0, 0 No | 1, 1 Yes | 9, 9 Unknown",,,,,,,,,,,,
ftdfdgrf,ftld_e3f,,dropdown,"3a1. Right frontal lobe?","0, 0 No | 1, 1 Yes | 9, 9 Unknown",,,,,,,,,,,,
ftdfdglf,ftld_e3f,,dropdown,"3a2. Left frontal lobe?","0, 0 No | 1, 1 Yes | 9, 9 Unknown",,,,,,,,,,,,
ftdfdgrt,ftld_e3f,,dropdown,"3a3. Right temporal lobe?","0, 0 No | 1, 1 Yes | 9, 9 Unknown",,,,,,,,,,,,
ftdfdglt,ftld_e3f,,dropdown,"3a4. Left temporal lobe?","0, 0 No | 1, 1 Yes | 9, 9 Unknown",,,,,,,,,,,,
ftdfdgrm,ftld_e3f,,dropdown,"3a5. Right medial temporal lobe?","0, 0 No | 1, 1 Yes | 9, 9 Unknown",,,,,,,,,,,,
ftdfdglm,ftld_e3f,,dropdown,"3a6. Left medial temporal lobe?","0, 0 No | 1, 1 Yes | 9, 9 Unknown",,,,,,,,,,,,
ftdfdgrp,ftld_e3f,,dropdown,"3a7. Right parietal lobe?","0, 0 No | 1, 1 Yes | 9, 9 Unknown",,,,,,,,,,,,
ftdfdglp,ftld_e3f,,dropdown,"3a8. Left parietal lobe?","0, 0 No | 1, 1 Yes | 9, 9 Unknown",,,,,,,,,,,,
ftdfdgrb,ftld_e3f,,dropdown,"3a9. Right basal ganglia","0, 0 No | 1, 1 Yes | 9, 9 Unknown",,,,,,,,,,,,
ftdfdglb,ftld_e3f,,dropdown,"3a10. Left basal ganglia","0, 0 No | 1, 1 Yes | 9, 9 Unknown",,,,,,,,,,,,
ftdfdgoa,ftld_e3f,,dropdown,"3a11. Other area of the brain (specify below)?","0, 0 No | 1, 1 Yes | 9, 9 Unknown",,,,,,,,,,,,
ftdfdgos,ftld_e3f,,text,"3a11a. Other area of the brain specification?",,,,,,,,,,,,,
ftdamyp,ftld_e3f,,dropdown,"4. Amyloid Pet imaging","0, 0 No | 1, 1 Yes",,,,,,,,,,,,
ftdamyvi,ftld_e3f,,dropdown,"4a. Was amyloid deposition appreciated by visual inspection?","0, 0 No | 1, 1 Yes | 9, 9 Unknown",,,,,,,,,,,,
ftdamyrf,ftld_e3f,,dropdown,"4a1. Right frontal lobe?","0, 0 No | 1, 1 Yes | 9, 9 Unknown",,,,,,,,,,,,
ftdamylf,ftld_e3f,,dropdown,"4a2. Left frontal lobe?","0, 0 No | 1, 1 Yes | 9, 9 Unknown",,,,,,,,,,,,
ftdamyrt,ftld_e3f,,dropdown,"4a3. Right temporal lobe?","0, 0 No | 1, 1 Yes | 9, 9 Unknown",,,,,,,,,,,,
ftdamylt,ftld_e3f,,dropdown,"4a4. Left temporal lobe?","0, 0 No | 1, 1 Yes | 9, 9 Unknown",,,,,,,,,,,,
ftdamyrm,ftld_e3f,,dropdown,"4a5. Right medial temporal lobe?","0, 0 No | 1, 1 Yes | 9, 9 Unknown",,,,,,,,,,,,
ftdamylm,ftld_e3f,,dropdown,"4a6. Left medial temporal lobe?","0, 0 No | 1, 1 Yes | 9, 9 Unknown",,,,,,,,,,,,
ftdamyrp,ftld_e3f,,dropdown,"4a7. Right parietal lobe?","0, 0 No | 1, 1 Yes | 9, 9 Unknown",,,,,,,,,,,,
ftdamylp,ftld_e3f,,dropdown,"4a8. Ledt parietal lobe?","0, 0 No | 1, 1 Yes | 9, 9 Unknown",,,,,,,,,,,,
ftdamyrb,ftld_e3f,,dropdown,"4a9. Right basal ganglia?","0, 0 No | 1, 1 Yes | 9, 9 Unknown",,,,,,,,,,,,
ftdamylb,ftld_e3f,,dropdown,"4a10. Left basal ganglia?","0, 0 No | 1, 1 Yes | 9, 9 Unknown",,,,,,,,,,,,
ftdamyoa,ftld_e3f,,dropdown,"4a11. Other area of the brain (specify below)?","0, 0 No | 1, 1 Yes | 9, 9 Unknown",,,,,,,,,,,,
ftdamyos,ftld_e3f,,text,"4a11a. Other area of the brain - specification?",,,,,,,,,,,,,
ftdcbfsp,ftld_e3f,,dropdown,"5. CBF SPECT imaging","0, 0 No | 1, 1 Yes",,,,,,,,,,,,
ftdcbfvi,ftld_e3f,,dropdown,"5a. Were abnormalities appreciated by visual inspection?","0, 0 No | 1, 1 Yes | 9, 9 Unknown",,,,,,,,,,,,
ftdcbfrf,ftld_e3f,,dropdown,"5a1. Right frontal lobe?","0, 0 | 1, 1 | 9, 9",,,,,,,,,,,,
ftdcbflf,ftld_e3f,,dropdown,"5a2. Left frontal lobe?","0, 0 | 1, 1 | 9, 9",,,,,,,,,,,,
ftdcbfrt,ftld_e3f,,dropdown,"5a3. Right temporal Lobe?","0, 0 | 1, 1 | 9, 9",,,,,,,,,,,,
ftdcbflt,ftld_e3f,,dropdown,"5a4. Left temporal Lobe?","0, 0 | 1, 1 | 9, 9",,,,,,,,,,,,
ftdcbfrm,ftld_e3f,,dropdown,"5a5. Right medial temporal Lobe?","0, 0 | 1, 1 | 9, 9",,,,,,,,,,,,
ftdcbflm,ftld_e3f,,dropdown,"5a6. Left medial temporal Lobe?","0, 0 | 1, 1 | 9, 9",,,,,,,,,,,,
ftdcbfrp,ftld_e3f,,dropdown,"5a7. Right parietal lobe?","0, 0 | 1, 1 | 9, 9",,,,,,,,,,,,
ftdcbflp,ftld_e3f,,dropdown,"5a8. Left parietal lobe?","0, 0 | 1, 1 | 9, 9",,,,,,,,,,,,
ftdcbfrb,ftld_e3f,,dropdown,"5a9. Right basal ganglia?","0, 0 | 1, 1 | 9, 9",,,,,,,,,,,,
ftdcbflb,ftld_e3f,,dropdown,"5a10. Left basal ganglia?","0, 0 | 1, 1 | 9, 9",,,,,,,,,,,,
ftdcbfoa,ftld_e3f,,dropdown,"5a11. Other area of the brain (specify below)?","0, 0 | 1, 1 | 9, 9",,,,,,,,,,,,
ftdcbfos,ftld_e3f,,text,"5a11a. Other area of brain specification",,,,,,,,,,,,,
ftdothi,ftld_e3f,,dropdown,"6. Other imaging","0, 0 | 1, 1",,,,,,,,,,,,
ftdothis,ftld_e3f,,text,"6a. Other imaging - Specification",,,,,,,,,,,,,
